Transaction ID,Applicant ID,Transaction Date,Merchant,Category,Amount (INR)
TXN00001,AP0036,2023-10-09,Amazon,Dining,33639.03
TXN00002,AP0293,2023-07-02,Zomato,Travel,14225.5
TXN00003,AP0632,2025-03-05,Zomato,Groceries,24751.7
TXN00004,AP0532,2024-12-08,Ola,Entertainment,12367.45
TXN00005,AP0095,2024-06-18,MakeMyTrip,Dining,12918.59
TXN00006,AP0097,2023-11-09,Swiggy,Travel,43066.22
TXN00007,AP0052,2024-02-09,Myntra,Entertainment,42688.88
TXN00008,AP0090,2024-12-29,Flipkart,Dining,3588.31
TXN00009,AP0972,2024-08-03,Big Bazaar,Shopping,33150.13
TXN00010,AP0191,2024-04-01,Ola,Groceries,1948.42
TXN00011,AP0601,2023-10-16,IRCTC,Dining,25947.23
TXN00012,AP0371,2023-04-15,IRCTC,Dining,31106.77
TXN00013,AP0539,2023-09-14,Uber,Groceries,25963.22
TXN00014,AP0351,2024-06-23,MakeMyTrip,Dining,29506.54
TXN00015,AP0784,2023-08-09,Zomato,Dining,46525.94
TXN00016,AP0638,2023-05-04,Uber,Entertainment,1447.69
TXN00017,AP0839,2024-09-01,Myntra,Entertainment,21216.95
TXN00018,AP0421,2024-07-20,Uber,Travel,21317.16
TXN00019,AP0201,2025-03-13,IRCTC,Entertainment,44540.71
TXN00020,AP0749,2023-03-01,Ola,Travel,30652.76
TXN00021,AP0684,2024-05-19,Ola,Dining,16757.19
TXN00022,AP0638,2025-03-14,Ola,Travel,44335.05
TXN00023,AP0615,2025-02-28,IRCTC,Travel,4734.31
TXN00024,AP0294,2023-09-21,Ola,Utilities,15374.11
TXN00025,AP0063,2024-08-04,Flipkart,Shopping,6736.67
TXN00026,AP0040,2024-08-25,Big Bazaar,Entertainment,43936.77
TXN00027,AP0697,2023-10-19,Ola,Shopping,10501.16
TXN00028,AP0589,2023-08-30,Myntra,Shopping,25641.71
TXN00029,AP0323,2023-05-09,Flipkart,Shopping,47703.61
TXN00030,AP0384,2025-02-22,Swiggy,Entertainment,47164.69
TXN00031,AP0030,2023-03-12,Amazon,Groceries,36087.44
TXN00032,AP0096,2023-05-26,Flipkart,Dining,44160.5
TXN00033,AP0204,2024-06-08,Uber,Entertainment,21602.68
TXN00034,AP0704,2024-09-13,Zomato,Entertainment,21617.57
TXN00035,AP0075,2024-05-08,Big Bazaar,Groceries,27245.05
TXN00036,AP0648,2023-01-28,Amazon,Groceries,11805.52
TXN00037,AP0212,2023-02-05,IRCTC,Utilities,40561.82
TXN00038,AP0975,2023-01-13,Zomato,Entertainment,8275.74
TXN00039,AP0642,2023-01-09,Ola,Entertainment,49337.99
TXN00040,AP0478,2024-04-01,Swiggy,Dining,42731.84
TXN00041,AP0321,2024-01-13,Amazon,Entertainment,28660.12
TXN00042,AP0558,2023-09-24,Ola,Entertainment,32011.2
TXN00043,AP0471,2024-02-29,Big Bazaar,Groceries,7798.43
TXN00044,AP0310,2024-10-28,Amazon,Groceries,34228.35
TXN00045,AP0503,2023-12-25,Uber,Dining,7772.54
TXN00046,AP0162,2024-02-18,Amazon,Shopping,16210.49
TXN00047,AP0272,2023-07-08,Uber,Shopping,17915.24
TXN00048,AP0565,2023-12-05,Amazon,Groceries,44921.77
TXN00049,AP0176,2024-11-20,IRCTC,Travel,1124.77
TXN00050,AP0533,2024-02-27,Zomato,Groceries,1388.97
TXN00051,AP0252,2023-03-30,Ola,Travel,45714.46
TXN00052,AP0110,2024-12-25,Flipkart,Entertainment,19680.18
TXN00053,AP0750,2023-10-14,Ola,Utilities,10358.48
TXN00054,AP0626,2024-03-31,Swiggy,Utilities,12545.09
TXN00055,AP0408,2023-12-05,Ola,Groceries,9769.45
TXN00056,AP0206,2023-08-09,Swiggy,Shopping,7573.17
TXN00057,AP0795,2024-01-13,MakeMyTrip,Dining,38077.21
TXN00058,AP0581,2023-09-12,Amazon,Travel,29345.41
TXN00059,AP0325,2025-02-10,Zomato,Shopping,41090.09
TXN00060,AP0956,2025-03-08,Zomato,Shopping,3129.55
TXN00061,AP0513,2024-10-18,Flipkart,Dining,38360.13
TXN00062,AP0128,2024-01-02,Big Bazaar,Utilities,42239.89
TXN00063,AP0624,2024-03-27,Myntra,Travel,39655.23
TXN00064,AP0391,2023-01-04,Zomato,Groceries,28529.05
TXN00065,AP0389,2024-09-09,Zomato,Groceries,15457.32
TXN00066,AP0988,2024-12-18,Ola,Travel,12023.2
TXN00067,AP0432,2024-04-04,Swiggy,Utilities,22666.48
TXN00068,AP0150,2023-08-18,Ola,Groceries,44132.16
TXN00069,AP0973,2023-06-18,MakeMyTrip,Utilities,10316.12
TXN00070,AP0285,2023-04-26,MakeMyTrip,Utilities,20078.88
TXN00071,AP0924,2025-01-23,Uber,Shopping,26573.74
TXN00072,AP0220,2023-04-09,IRCTC,Dining,33555.44
TXN00073,AP0662,2023-07-19,Zomato,Groceries,49988.83
TXN00074,AP0141,2024-01-20,MakeMyTrip,Groceries,27483.31
TXN00075,AP0628,2024-04-14,Big Bazaar,Entertainment,20240.25
TXN00076,AP0960,2023-05-08,Swiggy,Dining,44326.75
TXN00077,AP0464,2024-02-17,Zomato,Entertainment,22876.0
TXN00078,AP0022,2024-12-07,Big Bazaar,Shopping,25991.43
TXN00079,AP0624,2024-05-21,Myntra,Dining,37385.29
TXN00080,AP0237,2023-05-11,Uber,Shopping,11961.7
TXN00081,AP0566,2024-05-28,IRCTC,Shopping,4389.41
TXN00082,AP0749,2023-06-08,Big Bazaar,Dining,9486.93
TXN00083,AP0304,2024-06-12,Uber,Groceries,13501.67
TXN00084,AP0960,2023-12-12,Flipkart,Shopping,28504.27
TXN00085,AP0649,2023-04-11,Swiggy,Dining,30584.87
TXN00086,AP0308,2023-05-17,Amazon,Travel,546.19
TXN00087,AP0924,2024-11-08,Big Bazaar,Shopping,26538.77
TXN00088,AP0829,2024-11-28,IRCTC,Shopping,15693.73
TXN00089,AP0063,2023-12-19,Swiggy,Travel,48600.81
TXN00090,AP0211,2024-02-24,Zomato,Dining,9533.15
TXN00091,AP0066,2024-09-18,Amazon,Travel,44836.76
TXN00092,AP0727,2024-09-19,Myntra,Entertainment,40222.65
TXN00093,AP0511,2024-06-22,Ola,Groceries,5367.0
TXN00094,AP0511,2025-02-23,Ola,Utilities,45861.76
TXN00095,AP0410,2024-04-30,Swiggy,Shopping,38684.77
TXN00096,AP0550,2024-06-26,Amazon,Groceries,8665.05
TXN00097,AP0849,2023-03-07,Swiggy,Dining,28392.31
TXN00098,AP0960,2025-03-27,IRCTC,Dining,6539.94
TXN00099,AP0259,2024-03-19,Uber,Utilities,28981.91
TXN00100,AP0273,2025-01-04,Uber,Groceries,24777.09
TXN00101,AP0330,2024-10-20,Uber,Utilities,10155.64
TXN00102,AP0248,2023-02-13,Swiggy,Utilities,40153.91
TXN00103,AP0351,2024-01-24,Swiggy,Travel,43060.01
TXN00104,AP0112,2024-06-12,Swiggy,Groceries,42423.39
TXN00105,AP0716,2023-02-05,Myntra,Groceries,20614.21
TXN00106,AP0591,2023-04-19,Big Bazaar,Entertainment,31953.85
TXN00107,AP0583,2024-12-17,Ola,Dining,38717.45
TXN00108,AP0053,2024-02-02,MakeMyTrip,Entertainment,4955.8
TXN00109,AP0635,2023-06-06,MakeMyTrip,Shopping,9690.22
TXN00110,AP0131,2024-04-17,Uber,Travel,36403.89
TXN00111,AP0297,2023-04-15,Amazon,Travel,46650.08
TXN00112,AP0998,2025-03-01,Amazon,Travel,27837.18
TXN00113,AP0264,2023-06-01,Ola,Utilities,21714.6
TXN00114,AP0755,2024-12-13,Big Bazaar,Dining,42715.45
TXN00115,AP0966,2024-12-06,Flipkart,Groceries,44802.57
TXN00116,AP0405,2025-01-02,MakeMyTrip,Shopping,730.85
TXN00117,AP0319,2023-12-30,Flipkart,Shopping,28495.85
TXN00118,AP0959,2024-10-24,MakeMyTrip,Travel,2328.16
TXN00119,AP0814,2023-01-23,Big Bazaar,Travel,27846.21
TXN00120,AP0407,2024-01-16,IRCTC,Shopping,6730.31
TXN00121,AP0067,2025-03-15,Amazon,Travel,13963.86
TXN00122,AP0695,2024-07-17,Swiggy,Shopping,5226.89
TXN00123,AP0125,2023-11-21,IRCTC,Entertainment,46247.75
TXN00124,AP0632,2023-07-24,Big Bazaar,Shopping,8357.69
TXN00125,AP0094,2024-05-06,Myntra,Groceries,793.56
TXN00126,AP0670,2024-05-04,MakeMyTrip,Travel,11534.08
TXN00127,AP0446,2024-08-09,IRCTC,Groceries,48117.57
TXN00128,AP0331,2023-01-11,Swiggy,Travel,24209.81
TXN00129,AP0085,2023-07-25,Amazon,Groceries,42231.6
TXN00130,AP0159,2023-06-11,Amazon,Groceries,30845.5
TXN00131,AP0624,2023-06-06,Big Bazaar,Travel,14047.68
TXN00132,AP0359,2023-02-25,Myntra,Shopping,2113.86
TXN00133,AP0810,2024-10-11,Uber,Dining,35957.33
TXN00134,AP0589,2025-02-16,IRCTC,Entertainment,37551.05
TXN00135,AP0529,2024-11-23,IRCTC,Entertainment,14841.77
TXN00136,AP0435,2023-04-29,Ola,Travel,30877.42
TXN00137,AP0144,2025-01-27,Ola,Groceries,34451.93
TXN00138,AP0981,2024-10-02,MakeMyTrip,Shopping,29861.22
TXN00139,AP0195,2025-01-27,IRCTC,Dining,36604.14
TXN00140,AP0355,2024-10-26,Amazon,Travel,10120.99
TXN00141,AP0184,2023-08-06,Swiggy,Groceries,10393.8
TXN00142,AP0467,2024-08-01,Myntra,Utilities,7377.05
TXN00143,AP0450,2023-11-11,Zomato,Dining,42274.49
TXN00144,AP0421,2024-08-08,IRCTC,Groceries,44192.86
TXN00145,AP0517,2024-06-07,Zomato,Entertainment,26707.16
TXN00146,AP0509,2024-12-02,IRCTC,Utilities,5539.41
TXN00147,AP0165,2023-04-08,Myntra,Dining,12744.88
TXN00148,AP0581,2024-05-28,Zomato,Utilities,3147.74
TXN00149,AP0266,2024-09-02,MakeMyTrip,Groceries,14644.48
TXN00150,AP0133,2024-06-17,Zomato,Dining,37025.81
TXN00151,AP0160,2025-01-31,Swiggy,Entertainment,35618.36
TXN00152,AP0918,2024-06-14,MakeMyTrip,Dining,44913.4
TXN00153,AP0862,2025-01-13,Flipkart,Groceries,49050.32
TXN00154,AP0584,2023-10-17,Flipkart,Dining,34080.51
TXN00155,AP0758,2024-01-12,Swiggy,Dining,13425.78
TXN00156,AP0546,2024-12-07,Amazon,Entertainment,19776.62
TXN00157,AP0083,2024-12-21,Uber,Travel,16653.02
TXN00158,AP0999,2024-12-10,Myntra,Entertainment,14792.6
TXN00159,AP0833,2023-10-27,Uber,Utilities,33871.84
TXN00160,AP0438,2023-10-06,IRCTC,Dining,35141.71
TXN00161,AP0148,2023-06-20,Uber,Groceries,23667.86
TXN00162,AP0911,2024-06-28,Uber,Shopping,19896.52
TXN00163,AP0709,2023-10-11,Amazon,Dining,13917.26
TXN00164,AP0753,2023-03-12,Myntra,Shopping,18574.59
TXN00165,AP0266,2024-10-29,IRCTC,Dining,14081.61
TXN00166,AP0430,2023-09-06,MakeMyTrip,Utilities,37495.68
TXN00167,AP0009,2023-07-16,Flipkart,Travel,31276.12
TXN00168,AP0243,2023-11-25,Amazon,Utilities,41021.2
TXN00169,AP0932,2024-08-10,Myntra,Travel,11790.44
TXN00170,AP1000,2023-03-21,Myntra,Utilities,42313.28
TXN00171,AP0638,2024-02-06,Zomato,Utilities,29396.65
TXN00172,AP0410,2024-04-19,Amazon,Dining,983.63
TXN00173,AP0091,2024-07-03,Ola,Shopping,25145.31
TXN00174,AP0329,2024-06-19,Myntra,Entertainment,35740.24
TXN00175,AP0353,2023-01-22,Zomato,Shopping,12892.88
TXN00176,AP0345,2024-11-01,Swiggy,Travel,48390.69
TXN00177,AP0071,2023-03-07,Uber,Entertainment,45605.51
TXN00178,AP0836,2023-06-15,Myntra,Entertainment,34108.8
TXN00179,AP0035,2023-05-19,Uber,Utilities,2251.39
TXN00180,AP0066,2023-01-17,Zomato,Shopping,34341.63
TXN00181,AP0856,2024-11-24,Myntra,Shopping,4117.91
TXN00182,AP0459,2025-03-23,Ola,Entertainment,4244.08
TXN00183,AP0828,2024-12-09,Uber,Entertainment,15278.08
TXN00184,AP0305,2024-07-04,IRCTC,Dining,30464.91
TXN00185,AP0864,2023-09-19,Zomato,Travel,4370.26
TXN00186,AP0427,2023-10-25,IRCTC,Entertainment,40523.32
TXN00187,AP0103,2025-03-31,Big Bazaar,Travel,30645.07
TXN00188,AP0679,2024-03-06,Ola,Shopping,34655.07
TXN00189,AP0165,2024-01-15,Big Bazaar,Travel,8560.05
TXN00190,AP0559,2023-04-30,Zomato,Travel,22515.91
TXN00191,AP0986,2024-06-04,Flipkart,Shopping,13322.35
TXN00192,AP0894,2023-10-20,Swiggy,Utilities,20076.7
TXN00193,AP0264,2025-02-28,Uber,Groceries,46262.99
TXN00194,AP0568,2024-03-31,Zomato,Shopping,8969.35
TXN00195,AP0712,2024-04-27,MakeMyTrip,Utilities,19082.76
TXN00196,AP0332,2023-10-05,Myntra,Groceries,39258.16
TXN00197,AP0899,2023-08-02,Uber,Dining,25126.43
TXN00198,AP0951,2023-06-18,MakeMyTrip,Entertainment,14269.26
TXN00199,AP0471,2023-08-13,Swiggy,Travel,12986.32
TXN00200,AP0043,2024-11-26,IRCTC,Entertainment,21225.45
TXN00201,AP0465,2023-06-05,Swiggy,Groceries,1443.95
TXN00202,AP0303,2024-05-28,IRCTC,Dining,3525.93
TXN00203,AP0727,2023-03-28,Myntra,Groceries,28256.65
TXN00204,AP0245,2024-08-17,Swiggy,Entertainment,7687.33
TXN00205,AP0038,2024-08-10,Zomato,Shopping,43933.63
TXN00206,AP0730,2023-07-08,Amazon,Shopping,6271.91
TXN00207,AP0163,2024-04-25,Zomato,Utilities,25600.83
TXN00208,AP0312,2023-11-11,Swiggy,Shopping,8054.2
TXN00209,AP0443,2023-06-29,Amazon,Utilities,18798.4
TXN00210,AP0050,2023-08-25,Flipkart,Utilities,33852.98
TXN00211,AP0813,2024-12-13,Myntra,Dining,21016.15
TXN00212,AP0670,2024-08-30,Swiggy,Travel,8305.47
TXN00213,AP0647,2023-01-23,MakeMyTrip,Groceries,37583.9
TXN00214,AP0138,2023-10-08,MakeMyTrip,Travel,10225.17
TXN00215,AP0955,2023-04-26,MakeMyTrip,Dining,46296.48
TXN00216,AP0886,2024-05-06,Big Bazaar,Travel,39311.24
TXN00217,AP0375,2024-03-03,MakeMyTrip,Travel,32736.15
TXN00218,AP0578,2024-12-31,Uber,Entertainment,33072.6
TXN00219,AP0665,2023-01-01,Myntra,Groceries,25384.17
TXN00220,AP0496,2024-05-17,Amazon,Dining,26256.9
TXN00221,AP0309,2024-05-07,Zomato,Utilities,45852.4
TXN00222,AP0380,2023-11-17,Big Bazaar,Groceries,28853.19
TXN00223,AP0870,2024-12-12,Myntra,Dining,8451.32
TXN00224,AP0340,2025-01-13,Ola,Utilities,15941.34
TXN00225,AP0093,2024-07-13,IRCTC,Dining,10663.65
TXN00226,AP0729,2023-11-13,Swiggy,Groceries,37698.98
TXN00227,AP0273,2025-02-15,MakeMyTrip,Dining,15676.01
TXN00228,AP0922,2025-02-14,MakeMyTrip,Utilities,40055.56
TXN00229,AP0636,2023-09-14,IRCTC,Shopping,45037.93
TXN00230,AP0411,2024-06-29,Ola,Travel,30051.45
TXN00231,AP0185,2024-06-13,IRCTC,Entertainment,42045.59
TXN00232,AP0139,2023-10-23,Uber,Utilities,47365.64
TXN00233,AP0483,2023-05-09,Flipkart,Entertainment,6706.52
TXN00234,AP0771,2023-07-27,Flipkart,Groceries,19828.81
TXN00235,AP0570,2024-12-26,Flipkart,Shopping,475.81
TXN00236,AP0536,2024-03-31,Big Bazaar,Entertainment,36818.61
TXN00237,AP0182,2024-10-06,Amazon,Shopping,5288.09
TXN00238,AP0724,2024-05-14,Ola,Utilities,40331.18
TXN00239,AP0616,2024-12-18,Flipkart,Entertainment,2569.51
TXN00240,AP0507,2023-09-05,Big Bazaar,Shopping,46823.39
TXN00241,AP0075,2023-07-12,Ola,Groceries,46021.9
TXN00242,AP0174,2024-04-17,Amazon,Entertainment,36534.42
TXN00243,AP0724,2024-12-26,Swiggy,Shopping,31082.67
TXN00244,AP0458,2024-07-31,Ola,Entertainment,32256.78
TXN00245,AP0324,2023-09-16,Uber,Utilities,8298.19
TXN00246,AP0637,2024-06-30,Zomato,Groceries,39793.17
TXN00247,AP0620,2024-04-29,Ola,Entertainment,21992.92
TXN00248,AP0025,2023-03-12,Amazon,Travel,37318.18
TXN00249,AP0435,2023-06-16,Myntra,Groceries,14258.16
TXN00250,AP0206,2024-01-31,Amazon,Entertainment,31065.48
TXN00251,AP0632,2025-02-10,Flipkart,Entertainment,34912.24
TXN00252,AP0762,2024-11-22,Uber,Dining,17457.67
TXN00253,AP0333,2023-06-21,Ola,Entertainment,25081.18
TXN00254,AP0953,2024-03-25,Big Bazaar,Groceries,23527.19
TXN00255,AP0335,2023-02-17,Big Bazaar,Utilities,26717.43
TXN00256,AP0015,2023-08-21,Zomato,Groceries,3139.94
TXN00257,AP0548,2025-02-25,Zomato,Shopping,47076.67
TXN00258,AP0510,2024-03-24,Ola,Dining,4163.66
TXN00259,AP0759,2023-10-13,Uber,Travel,10388.88
TXN00260,AP0752,2024-11-08,Amazon,Shopping,39565.72
TXN00261,AP0242,2023-03-30,MakeMyTrip,Entertainment,4637.01
TXN00262,AP0816,2024-09-12,Ola,Groceries,3792.18
TXN00263,AP0359,2023-02-08,Big Bazaar,Dining,48677.64
TXN00264,AP0580,2023-07-31,IRCTC,Utilities,32518.38
TXN00265,AP0632,2024-07-16,Zomato,Dining,37853.51
TXN00266,AP0294,2025-03-11,MakeMyTrip,Utilities,12824.67
TXN00267,AP0392,2023-10-13,MakeMyTrip,Entertainment,15981.92
TXN00268,AP0816,2024-02-06,IRCTC,Travel,13617.58
TXN00269,AP0933,2025-01-31,Flipkart,Groceries,21490.57
TXN00270,AP0321,2024-04-10,Swiggy,Utilities,16675.9
TXN00271,AP0155,2024-10-03,Ola,Dining,25954.12
TXN00272,AP0006,2025-02-03,Ola,Travel,5209.66
TXN00273,AP0446,2025-01-16,Zomato,Dining,47767.71
TXN00274,AP0683,2024-05-21,Uber,Dining,29780.67
TXN00275,AP0760,2024-08-03,MakeMyTrip,Travel,49454.51
TXN00276,AP0950,2024-02-16,Zomato,Entertainment,4886.67
TXN00277,AP0365,2023-03-22,Amazon,Entertainment,6427.86
TXN00278,AP0589,2024-10-02,Amazon,Utilities,15125.81
TXN00279,AP0137,2025-01-29,IRCTC,Groceries,1326.21
TXN00280,AP0502,2024-03-20,Swiggy,Utilities,10574.63
TXN00281,AP0788,2025-03-01,Myntra,Utilities,28062.42
TXN00282,AP0127,2023-03-04,Ola,Dining,34328.12
TXN00283,AP0666,2024-03-16,Myntra,Travel,3251.42
TXN00284,AP0555,2023-02-08,Uber,Dining,16455.68
TXN00285,AP0968,2023-04-29,Amazon,Dining,40577.64
TXN00286,AP0011,2024-08-05,Swiggy,Entertainment,42897.53
TXN00287,AP0868,2024-04-26,Myntra,Entertainment,4681.38
TXN00288,AP0523,2023-05-16,Zomato,Groceries,13164.96
TXN00289,AP0334,2023-04-19,Flipkart,Utilities,43838.14
TXN00290,AP0889,2023-07-17,Amazon,Entertainment,44565.39
TXN00291,AP0288,2023-01-05,Zomato,Travel,36162.7
TXN00292,AP0857,2024-12-14,Myntra,Shopping,3399.38
TXN00293,AP0386,2024-10-26,Uber,Travel,49668.55
TXN00294,AP0821,2024-03-19,Amazon,Entertainment,23141.11
TXN00295,AP0026,2024-01-10,Big Bazaar,Utilities,20294.61
TXN00296,AP0124,2024-05-05,Uber,Entertainment,5632.26
TXN00297,AP0506,2025-02-23,Ola,Shopping,15591.8
TXN00298,AP0146,2023-08-09,MakeMyTrip,Travel,5079.13
TXN00299,AP0262,2024-01-10,Ola,Utilities,14960.36
TXN00300,AP0714,2025-03-24,MakeMyTrip,Entertainment,2987.32
TXN00301,AP0855,2024-11-19,Big Bazaar,Entertainment,2601.05
TXN00302,AP0077,2023-04-20,IRCTC,Groceries,36102.48
TXN00303,AP0075,2023-05-22,Swiggy,Dining,27884.67
TXN00304,AP0293,2023-04-08,Myntra,Dining,574.76
TXN00305,AP0540,2023-12-17,MakeMyTrip,Utilities,10540.29
TXN00306,AP0792,2025-02-16,Myntra,Travel,25061.36
TXN00307,AP0696,2023-05-11,Uber,Utilities,12589.77
TXN00308,AP0200,2023-03-15,Uber,Travel,48444.45
TXN00309,AP0898,2024-02-04,Myntra,Dining,10394.38
TXN00310,AP0925,2025-03-25,Zomato,Utilities,38742.7
TXN00311,AP0089,2023-08-13,MakeMyTrip,Groceries,12167.69
TXN00312,AP0041,2023-03-17,MakeMyTrip,Utilities,37313.44
TXN00313,AP0457,2024-06-07,Myntra,Groceries,23377.24
TXN00314,AP0272,2023-11-15,Myntra,Groceries,7850.26
TXN00315,AP0585,2023-12-23,MakeMyTrip,Shopping,48444.4
TXN00316,AP0954,2024-08-04,Flipkart,Dining,38211.66
TXN00317,AP0351,2024-11-09,Amazon,Dining,47845.36
TXN00318,AP0527,2023-06-15,Uber,Travel,40036.55
TXN00319,AP0607,2023-08-20,IRCTC,Groceries,34420.15
TXN00320,AP0827,2024-09-18,Swiggy,Groceries,48700.3
TXN00321,AP0378,2023-03-14,Ola,Travel,43004.17
TXN00322,AP0772,2024-10-02,Flipkart,Utilities,8718.53
TXN00323,AP0723,2024-01-24,MakeMyTrip,Shopping,477.42
TXN00324,AP0724,2025-01-13,Zomato,Travel,34910.29
TXN00325,AP0995,2023-09-13,Ola,Entertainment,38158.79
TXN00326,AP0584,2024-08-22,Ola,Dining,10612.55
TXN00327,AP0926,2023-05-10,Swiggy,Travel,2240.09
TXN00328,AP0294,2024-12-08,Big Bazaar,Travel,25620.8
TXN00329,AP0289,2025-02-01,Swiggy,Dining,36737.94
TXN00330,AP0880,2023-10-08,IRCTC,Entertainment,37924.38
TXN00331,AP0007,2024-03-11,Flipkart,Entertainment,31038.39
TXN00332,AP0202,2023-02-04,Ola,Travel,23215.05
TXN00333,AP0603,2024-05-08,Flipkart,Travel,4912.4
TXN00334,AP0714,2024-05-05,MakeMyTrip,Entertainment,32161.66
TXN00335,AP0727,2023-08-08,Zomato,Dining,47442.57
TXN00336,AP0887,2023-10-19,IRCTC,Utilities,39207.03
TXN00337,AP0576,2023-09-22,Amazon,Shopping,1052.86
TXN00338,AP0233,2023-12-11,Zomato,Entertainment,1785.29
TXN00339,AP0170,2023-03-05,Flipkart,Entertainment,12225.85
TXN00340,AP0828,2023-11-06,Big Bazaar,Shopping,39319.94
TXN00341,AP0334,2023-01-25,Myntra,Utilities,14551.6
TXN00342,AP0896,2023-06-14,Big Bazaar,Travel,32574.64
TXN00343,AP0019,2023-04-15,Myntra,Travel,46949.65
TXN00344,AP0331,2023-01-25,Big Bazaar,Utilities,32498.14
TXN00345,AP0118,2024-07-12,Myntra,Groceries,17032.75
TXN00346,AP0750,2024-10-08,Zomato,Shopping,40643.68
TXN00347,AP0234,2024-06-07,Zomato,Dining,10543.12
TXN00348,AP0066,2023-05-12,MakeMyTrip,Entertainment,25134.96
TXN00349,AP0016,2023-04-16,Flipkart,Shopping,43181.53
TXN00350,AP0639,2023-01-25,Uber,Utilities,16714.47
TXN00351,AP0328,2024-05-31,Ola,Utilities,12713.42
TXN00352,AP0153,2024-10-29,Myntra,Dining,45988.3
TXN00353,AP0828,2023-12-29,IRCTC,Travel,28361.58
TXN00354,AP0133,2023-02-23,Swiggy,Travel,39983.12
TXN00355,AP0442,2024-05-15,Myntra,Dining,6988.33
TXN00356,AP0617,2025-03-12,Myntra,Shopping,17010.92
TXN00357,AP0584,2024-02-25,Zomato,Dining,43536.7
TXN00358,AP0371,2023-09-11,IRCTC,Shopping,30830.07
TXN00359,AP0431,2024-03-10,IRCTC,Groceries,11215.49
TXN00360,AP0471,2023-12-07,Swiggy,Dining,46539.81
TXN00361,AP0550,2023-04-12,Amazon,Dining,10842.11
TXN00362,AP0868,2023-05-08,IRCTC,Travel,24883.8
TXN00363,AP0725,2023-01-20,Ola,Dining,5922.14
TXN00364,AP0244,2023-04-01,MakeMyTrip,Shopping,27665.17
TXN00365,AP0782,2023-02-08,MakeMyTrip,Entertainment,519.46
TXN00366,AP0204,2024-04-22,IRCTC,Groceries,20385.3
TXN00367,AP0704,2023-11-26,Ola,Entertainment,40744.39
TXN00368,AP0863,2024-06-15,Big Bazaar,Entertainment,8436.79
TXN00369,AP0970,2023-05-03,IRCTC,Groceries,7334.33
TXN00370,AP0678,2025-01-04,Amazon,Entertainment,33457.27
TXN00371,AP0148,2025-01-17,Swiggy,Travel,4074.59
TXN00372,AP0996,2024-06-01,Amazon,Entertainment,40286.65
TXN00373,AP0305,2024-04-11,Zomato,Utilities,45250.54
TXN00374,AP0943,2024-11-10,MakeMyTrip,Shopping,48307.38
TXN00375,AP0090,2023-07-31,Myntra,Shopping,38626.89
TXN00376,AP0183,2024-08-21,Uber,Shopping,37692.46
TXN00377,AP0728,2023-12-08,Uber,Utilities,23912.04
TXN00378,AP0769,2025-04-01,Myntra,Groceries,5164.72
TXN00379,AP0383,2024-05-14,IRCTC,Shopping,20848.25
TXN00380,AP0752,2024-06-14,Big Bazaar,Groceries,23794.52
TXN00381,AP0690,2024-05-16,MakeMyTrip,Shopping,23636.52
TXN00382,AP0157,2024-05-03,MakeMyTrip,Shopping,11193.15
TXN00383,AP0136,2024-03-22,Zomato,Entertainment,34005.51
TXN00384,AP0210,2024-09-29,Zomato,Utilities,38904.69
TXN00385,AP0128,2024-09-04,MakeMyTrip,Groceries,27406.77
TXN00386,AP0444,2024-03-11,Ola,Groceries,37707.2
TXN00387,AP0617,2024-04-29,Zomato,Travel,33818.7
TXN00388,AP0877,2023-04-13,Zomato,Dining,11741.18
TXN00389,AP0546,2024-04-03,Big Bazaar,Shopping,29067.43
TXN00390,AP0657,2024-12-21,Myntra,Groceries,36741.46
TXN00391,AP0128,2024-06-10,IRCTC,Utilities,46386.94
TXN00392,AP0781,2024-09-28,IRCTC,Travel,25447.71
TXN00393,AP0407,2024-05-22,Amazon,Shopping,18740.03
TXN00394,AP0890,2023-08-18,Amazon,Groceries,19790.58
TXN00395,AP0612,2023-11-11,Myntra,Entertainment,26796.21
TXN00396,AP0181,2023-12-21,Big Bazaar,Dining,6584.08
TXN00397,AP0980,2025-01-14,Swiggy,Utilities,7138.07
TXN00398,AP0937,2024-12-20,Uber,Shopping,21587.84
TXN00399,AP0896,2023-12-27,Ola,Shopping,49918.91
TXN00400,AP0517,2023-08-24,MakeMyTrip,Groceries,26605.12
TXN00401,AP0905,2023-03-19,IRCTC,Utilities,28391.58
TXN00402,AP0102,2024-10-20,Amazon,Entertainment,48166.27
TXN00403,AP0619,2024-05-22,Ola,Shopping,12895.08
TXN00404,AP0341,2023-06-01,Flipkart,Shopping,25510.69
TXN00405,AP0367,2024-09-23,Amazon,Travel,28236.33
TXN00406,AP0103,2024-10-07,Flipkart,Groceries,25142.19
TXN00407,AP0564,2023-08-20,Ola,Utilities,6628.08
TXN00408,AP0944,2024-05-20,Ola,Groceries,10620.0
TXN00409,AP0884,2024-10-27,Swiggy,Travel,47279.81
TXN00410,AP0155,2025-03-21,Amazon,Travel,49250.73
TXN00411,AP0610,2023-10-24,Zomato,Dining,24723.65
TXN00412,AP0773,2024-02-15,IRCTC,Dining,10315.5
TXN00413,AP0827,2024-11-02,Swiggy,Travel,13983.5
TXN00414,AP0064,2023-09-08,Myntra,Entertainment,43941.08
TXN00415,AP0460,2023-10-14,Big Bazaar,Travel,29968.76
TXN00416,AP0086,2024-10-10,MakeMyTrip,Entertainment,32106.95
TXN00417,AP0905,2023-07-17,Myntra,Shopping,3723.16
TXN00418,AP0230,2024-12-03,Big Bazaar,Shopping,26224.22
TXN00419,AP0427,2023-10-15,Zomato,Groceries,16007.74
TXN00420,AP0145,2023-10-30,Zomato,Groceries,39318.18
TXN00421,AP0660,2024-04-14,MakeMyTrip,Utilities,6259.0
TXN00422,AP0947,2023-01-17,Myntra,Utilities,21589.59
TXN00423,AP0562,2024-11-21,Flipkart,Travel,28294.71
TXN00424,AP0671,2023-02-03,Myntra,Entertainment,26107.83
TXN00425,AP0625,2024-08-19,Myntra,Entertainment,511.66
TXN00426,AP0001,2023-05-18,IRCTC,Entertainment,33399.28
TXN00427,AP0116,2023-01-06,Flipkart,Shopping,41524.99
TXN00428,AP0996,2024-05-30,Myntra,Dining,8634.87
TXN00429,AP0817,2024-12-19,Swiggy,Dining,48447.25
TXN00430,AP0806,2025-01-25,Amazon,Dining,15621.42
TXN00431,AP0469,2024-11-07,MakeMyTrip,Entertainment,49718.8
TXN00432,AP0606,2023-12-15,IRCTC,Travel,28992.63
TXN00433,AP0853,2023-03-15,Swiggy,Entertainment,38734.99
TXN00434,AP0594,2024-12-30,Big Bazaar,Utilities,45194.55
TXN00435,AP0299,2023-10-10,Zomato,Groceries,17709.54
TXN00436,AP0436,2023-08-17,Flipkart,Groceries,30653.65
TXN00437,AP0666,2025-01-30,MakeMyTrip,Travel,41403.74
TXN00438,AP0329,2023-09-10,Myntra,Entertainment,17905.09
TXN00439,AP0786,2024-03-08,Uber,Shopping,39035.85
TXN00440,AP0484,2024-11-19,Ola,Dining,37191.78
TXN00441,AP0088,2023-08-02,Zomato,Groceries,13560.76
TXN00442,AP0013,2024-10-22,Uber,Dining,19510.32
TXN00443,AP0934,2023-03-16,MakeMyTrip,Utilities,43185.98
TXN00444,AP0188,2023-08-18,Amazon,Entertainment,14348.82
TXN00445,AP0709,2023-09-06,IRCTC,Travel,387.64
TXN00446,AP0202,2023-01-22,Uber,Shopping,12828.04
TXN00447,AP0211,2023-08-06,Uber,Dining,26912.63
TXN00448,AP0566,2024-10-15,Big Bazaar,Shopping,31412.45
TXN00449,AP0130,2023-04-10,MakeMyTrip,Utilities,12543.99
TXN00450,AP0684,2024-08-10,Big Bazaar,Utilities,20605.63
TXN00451,AP0450,2025-01-11,Flipkart,Dining,41748.62
TXN00452,AP0892,2024-12-29,Uber,Travel,41138.58
TXN00453,AP0709,2024-08-30,Flipkart,Shopping,12512.34
TXN00454,AP0799,2024-10-19,Uber,Shopping,3801.42
TXN00455,AP0767,2024-08-15,Amazon,Utilities,41053.35
TXN00456,AP0299,2023-06-30,Uber,Groceries,6811.8
TXN00457,AP0567,2024-02-29,Ola,Dining,40833.33
TXN00458,AP0155,2024-05-24,Ola,Dining,5005.56
TXN00459,AP0981,2023-02-10,IRCTC,Groceries,10993.01
TXN00460,AP0884,2023-06-07,IRCTC,Travel,34664.69
TXN00461,AP0832,2024-09-18,Flipkart,Groceries,33094.68
TXN00462,AP0867,2023-01-21,Amazon,Dining,6386.2
TXN00463,AP0363,2023-12-02,IRCTC,Groceries,6767.4
TXN00464,AP0547,2024-06-25,Flipkart,Shopping,44174.18
TXN00465,AP0040,2024-10-07,Swiggy,Entertainment,24288.17
TXN00466,AP0326,2023-04-22,Ola,Groceries,38416.56
TXN00467,AP0775,2024-11-15,Uber,Groceries,1971.68
TXN00468,AP0370,2023-09-09,Swiggy,Travel,44491.53
TXN00469,AP0710,2023-02-27,Big Bazaar,Utilities,13151.42
TXN00470,AP0578,2024-12-07,Big Bazaar,Utilities,31442.6
TXN00471,AP0159,2024-03-28,Big Bazaar,Dining,26602.94
TXN00472,AP0621,2023-09-29,Ola,Dining,36659.19
TXN00473,AP0164,2023-07-28,Myntra,Entertainment,13320.67
TXN00474,AP0956,2024-10-21,Flipkart,Groceries,49042.76
TXN00475,AP0038,2023-03-25,Myntra,Groceries,673.85
TXN00476,AP0276,2024-04-23,MakeMyTrip,Shopping,16208.7
TXN00477,AP0098,2024-09-08,Flipkart,Shopping,44777.76
TXN00478,AP0583,2023-02-09,Myntra,Shopping,18123.63
TXN00479,AP0837,2024-02-02,Uber,Utilities,35686.07
TXN00480,AP0720,2023-02-08,Flipkart,Entertainment,14362.57
TXN00481,AP0215,2024-05-10,MakeMyTrip,Entertainment,24026.41
TXN00482,AP0013,2025-03-28,Ola,Dining,28859.56
TXN00483,AP0293,2023-07-27,Amazon,Utilities,17246.5
TXN00484,AP0471,2024-07-26,Myntra,Entertainment,43793.28
TXN00485,AP0635,2023-01-26,Ola,Utilities,5121.93
TXN00486,AP0239,2023-02-06,Myntra,Travel,39745.98
TXN00487,AP0741,2024-10-22,Amazon,Travel,2650.4
TXN00488,AP0463,2024-03-26,Zomato,Groceries,15937.61
TXN00489,AP0149,2023-04-09,Uber,Groceries,10731.16
TXN00490,AP0300,2025-01-10,Zomato,Shopping,40836.32
TXN00491,AP0793,2023-10-01,Amazon,Entertainment,18488.19
TXN00492,AP0710,2024-08-12,Uber,Travel,32403.07
TXN00493,AP0765,2023-02-24,Zomato,Shopping,39693.9
TXN00494,AP0708,2023-01-09,IRCTC,Dining,42364.37
TXN00495,AP0006,2024-01-22,Ola,Entertainment,4577.92
TXN00496,AP0232,2024-01-02,Ola,Utilities,48508.56
TXN00497,AP0696,2023-10-31,Swiggy,Shopping,19287.52
TXN00498,AP0751,2023-06-21,Ola,Shopping,33345.85
TXN00499,AP0449,2024-04-27,Swiggy,Entertainment,33481.43
TXN00500,AP0686,2023-08-16,Big Bazaar,Dining,9795.71
TXN00501,AP0263,2023-09-28,Myntra,Groceries,17731.32
TXN00502,AP0926,2024-12-03,Zomato,Shopping,6054.04
TXN00503,AP0517,2023-12-10,Uber,Utilities,16164.65
TXN00504,AP0004,2025-03-26,Big Bazaar,Entertainment,1743.57
TXN00505,AP0345,2023-07-01,Zomato,Utilities,1196.76
TXN00506,AP0262,2024-11-09,Flipkart,Travel,12641.05
TXN00507,AP0253,2024-01-12,Big Bazaar,Shopping,35391.16
TXN00508,AP0436,2024-02-03,Myntra,Shopping,12547.71
TXN00509,AP0552,2023-04-20,Amazon,Entertainment,11663.89
TXN00510,AP0555,2024-07-15,Ola,Utilities,14624.7
TXN00511,AP0648,2024-02-28,Ola,Dining,26967.18
TXN00512,AP0731,2023-12-04,Myntra,Dining,31310.09
TXN00513,AP0153,2025-03-30,Flipkart,Travel,46345.08
TXN00514,AP0310,2023-07-24,IRCTC,Entertainment,21492.8
TXN00515,AP0030,2024-05-07,Zomato,Travel,23005.48
TXN00516,AP0707,2024-07-11,Swiggy,Groceries,43952.26
TXN00517,AP0994,2025-03-23,Big Bazaar,Groceries,47242.23
TXN00518,AP0169,2024-08-22,Ola,Groceries,23808.25
TXN00519,AP0001,2024-11-20,Uber,Travel,20566.09
TXN00520,AP0056,2023-08-13,Myntra,Travel,228.65
TXN00521,AP0329,2023-09-06,Swiggy,Travel,3577.56
TXN00522,AP0004,2023-10-21,Zomato,Entertainment,48218.95
TXN00523,AP0412,2023-02-08,Myntra,Dining,41244.63
TXN00524,AP0714,2024-07-20,Amazon,Travel,32102.89
TXN00525,AP0881,2024-09-01,Big Bazaar,Shopping,40187.74
TXN00526,AP0773,2024-03-15,MakeMyTrip,Shopping,36384.18
TXN00527,AP0264,2023-04-19,IRCTC,Travel,6822.8
TXN00528,AP0896,2024-01-31,Uber,Utilities,19561.27
TXN00529,AP0635,2023-02-24,Myntra,Groceries,45148.26
TXN00530,AP0962,2024-11-29,Amazon,Dining,7906.53
TXN00531,AP0102,2025-01-21,Uber,Dining,23985.05
TXN00532,AP0547,2023-07-31,Amazon,Shopping,31190.37
TXN00533,AP0614,2023-12-07,Big Bazaar,Entertainment,27580.9
TXN00534,AP0136,2024-05-04,Uber,Travel,12470.91
TXN00535,AP0350,2024-07-08,Zomato,Entertainment,13146.52
TXN00536,AP0947,2024-02-25,Big Bazaar,Shopping,15159.46
TXN00537,AP0362,2024-01-17,IRCTC,Entertainment,48946.97
TXN00538,AP0362,2025-01-24,Flipkart,Utilities,6228.44
TXN00539,AP0926,2023-03-29,Zomato,Shopping,41298.24
TXN00540,AP0123,2024-05-25,Uber,Utilities,5066.4
TXN00541,AP0488,2024-03-20,Ola,Travel,18001.45
TXN00542,AP0056,2023-10-17,MakeMyTrip,Shopping,42786.39
TXN00543,AP0505,2024-06-30,Big Bazaar,Travel,38544.51
TXN00544,AP0287,2023-12-28,Flipkart,Utilities,9736.64
TXN00545,AP0675,2023-09-23,Swiggy,Groceries,49277.22
TXN00546,AP0199,2023-10-10,Ola,Groceries,29378.18
TXN00547,AP0140,2024-01-08,Myntra,Groceries,36876.86
TXN00548,AP0221,2023-12-23,Flipkart,Utilities,1494.31
TXN00549,AP0044,2023-05-12,Myntra,Utilities,24833.8
TXN00550,AP0048,2023-06-20,Zomato,Dining,29414.45
TXN00551,AP0205,2023-11-16,Amazon,Entertainment,40700.27
TXN00552,AP0704,2024-12-11,Zomato,Travel,49479.29
TXN00553,AP0724,2024-04-09,Uber,Utilities,18461.94
TXN00554,AP0012,2024-01-29,Ola,Entertainment,7550.15
TXN00555,AP0799,2024-09-30,Amazon,Entertainment,36250.27
TXN00556,AP0605,2024-11-16,Uber,Groceries,29846.53
TXN00557,AP0375,2024-05-12,Zomato,Utilities,20449.72
TXN00558,AP0951,2024-08-13,Flipkart,Dining,11155.23
TXN00559,AP0147,2023-08-29,Ola,Shopping,31526.54
TXN00560,AP0876,2025-03-23,Ola,Utilities,31859.27
TXN00561,AP0810,2023-12-23,IRCTC,Travel,7058.03
TXN00562,AP0962,2023-08-21,Flipkart,Shopping,26511.45
TXN00563,AP0831,2024-08-27,Flipkart,Entertainment,28831.84
TXN00564,AP0934,2024-03-24,Myntra,Dining,14697.58
TXN00565,AP0199,2024-06-19,IRCTC,Dining,6519.66
TXN00566,AP0406,2023-11-11,Swiggy,Entertainment,25478.25
TXN00567,AP0354,2023-11-11,MakeMyTrip,Shopping,16445.59
TXN00568,AP0004,2023-06-29,Amazon,Entertainment,43174.98
TXN00569,AP0265,2023-04-11,Uber,Utilities,45885.26
TXN00570,AP0380,2023-03-05,IRCTC,Travel,15209.35
TXN00571,AP0403,2024-07-24,Ola,Travel,37710.92
TXN00572,AP0702,2023-01-23,Amazon,Travel,28673.48
TXN00573,AP0642,2024-10-03,Ola,Groceries,19978.35
TXN00574,AP0936,2023-04-26,Ola,Entertainment,9554.88
TXN00575,AP0302,2023-05-15,MakeMyTrip,Dining,19098.81
TXN00576,AP0162,2023-10-25,Myntra,Shopping,12104.25
TXN00577,AP0581,2024-12-08,Myntra,Shopping,3176.46
TXN00578,AP0348,2024-06-06,Amazon,Shopping,2691.17
TXN00579,AP0056,2024-02-02,Zomato,Utilities,45389.03
TXN00580,AP0460,2024-10-03,Uber,Shopping,31670.52
TXN00581,AP0149,2024-12-13,Big Bazaar,Entertainment,25728.04
TXN00582,AP0457,2023-10-17,Flipkart,Dining,31860.25
TXN00583,AP0094,2024-10-02,Swiggy,Dining,38099.41
TXN00584,AP0943,2023-06-16,Myntra,Groceries,1510.13
TXN00585,AP0162,2023-03-25,Flipkart,Travel,36655.17
TXN00586,AP0986,2023-08-09,MakeMyTrip,Utilities,30074.34
TXN00587,AP0928,2024-02-29,IRCTC,Entertainment,1645.77
TXN00588,AP0543,2024-04-21,IRCTC,Travel,28881.36
TXN00589,AP0342,2024-12-25,MakeMyTrip,Shopping,33985.69
TXN00590,AP0092,2024-02-28,Swiggy,Travel,19596.77
TXN00591,AP0192,2024-08-20,Amazon,Groceries,24327.04
TXN00592,AP0270,2024-02-28,Ola,Travel,23858.09
TXN00593,AP0969,2024-09-08,Amazon,Shopping,41752.45
TXN00594,AP0840,2023-10-12,Uber,Travel,10500.56
TXN00595,AP0432,2024-09-04,Myntra,Shopping,17849.75
TXN00596,AP0735,2024-08-07,Ola,Entertainment,33206.77
TXN00597,AP0487,2025-03-03,Swiggy,Entertainment,11157.39
TXN00598,AP0292,2024-04-17,Swiggy,Shopping,11388.44
TXN00599,AP0873,2023-12-27,Ola,Travel,9003.57
TXN00600,AP0750,2023-04-03,MakeMyTrip,Travel,45320.72
TXN00601,AP0558,2023-06-28,Big Bazaar,Entertainment,5002.38
TXN00602,AP0950,2024-11-15,MakeMyTrip,Utilities,23330.76
TXN00603,AP0241,2025-01-09,Flipkart,Entertainment,5618.89
TXN00604,AP0309,2024-07-29,Ola,Entertainment,32810.29
TXN00605,AP0039,2024-03-08,Flipkart,Dining,41342.17
TXN00606,AP0661,2023-05-05,Amazon,Travel,20505.5
TXN00607,AP0774,2023-05-28,Zomato,Utilities,21043.8
TXN00608,AP0909,2023-03-20,Myntra,Shopping,39549.62
TXN00609,AP0893,2023-10-20,IRCTC,Dining,24005.56
TXN00610,AP0400,2023-06-01,Big Bazaar,Groceries,10938.86
TXN00611,AP0800,2023-11-03,Myntra,Shopping,863.3
TXN00612,AP0569,2024-01-05,Big Bazaar,Shopping,11692.12
TXN00613,AP0843,2023-05-05,Swiggy,Shopping,37085.53
TXN00614,AP0249,2023-11-21,Flipkart,Dining,37335.9
TXN00615,AP0569,2023-02-08,IRCTC,Travel,16992.95
TXN00616,AP0486,2023-11-15,Flipkart,Entertainment,8640.19
TXN00617,AP0493,2024-07-21,Zomato,Utilities,35192.92
TXN00618,AP0347,2023-01-10,Big Bazaar,Travel,12676.38
TXN00619,AP0070,2024-01-03,Myntra,Utilities,14702.7
TXN00620,AP0960,2023-05-07,Amazon,Shopping,29132.34
TXN00621,AP0697,2023-09-11,Swiggy,Utilities,16498.87
TXN00622,AP0138,2024-04-21,Flipkart,Groceries,21545.12
TXN00623,AP0211,2024-04-05,Zomato,Utilities,28182.46
TXN00624,AP0894,2024-09-02,MakeMyTrip,Entertainment,14397.57
TXN00625,AP0125,2023-10-13,Myntra,Dining,44087.91
TXN00626,AP0595,2025-02-19,Uber,Entertainment,20748.57
TXN00627,AP0526,2023-05-25,Flipkart,Shopping,11062.73
TXN00628,AP0455,2023-06-06,Big Bazaar,Dining,47280.79
TXN00629,AP0536,2024-10-12,Swiggy,Entertainment,47363.07
TXN00630,AP0720,2024-05-16,MakeMyTrip,Dining,48623.95
TXN00631,AP0456,2024-08-16,Flipkart,Travel,23517.8
TXN00632,AP0332,2025-03-06,Ola,Groceries,25231.65
TXN00633,AP0770,2023-02-19,Zomato,Shopping,37285.32
TXN00634,AP0444,2024-04-03,Swiggy,Groceries,38103.31
TXN00635,AP0146,2023-05-02,Big Bazaar,Dining,40911.0
TXN00636,AP0138,2024-11-12,Big Bazaar,Dining,9752.28
TXN00637,AP0743,2024-08-23,IRCTC,Utilities,38369.31
TXN00638,AP0084,2024-04-17,Myntra,Utilities,36554.41
TXN00639,AP0002,2024-04-25,Big Bazaar,Groceries,30726.3
TXN00640,AP0754,2024-02-07,Big Bazaar,Shopping,47688.38
TXN00641,AP0431,2024-04-15,Ola,Dining,36307.13
TXN00642,AP0473,2024-02-03,Amazon,Groceries,18875.64
TXN00643,AP0238,2025-03-18,MakeMyTrip,Shopping,10014.6
TXN00644,AP0070,2024-07-10,Amazon,Utilities,37957.02
TXN00645,AP0342,2023-02-13,Uber,Utilities,22653.44
TXN00646,AP0990,2023-01-28,Flipkart,Utilities,44312.83
TXN00647,AP0437,2023-02-01,Zomato,Entertainment,31065.44
TXN00648,AP0298,2024-02-15,Flipkart,Entertainment,47220.16
TXN00649,AP0794,2024-06-05,Amazon,Dining,23364.96
TXN00650,AP0503,2024-03-10,Swiggy,Shopping,37501.74
TXN00651,AP0735,2023-12-07,Zomato,Utilities,17642.17
TXN00652,AP0427,2023-11-12,Swiggy,Entertainment,8603.06
TXN00653,AP0055,2023-06-10,Big Bazaar,Shopping,25876.29
TXN00654,AP0895,2023-08-26,Swiggy,Utilities,10233.07
TXN00655,AP0706,2024-04-27,Zomato,Shopping,2753.8
TXN00656,AP0700,2025-03-14,Amazon,Travel,32124.48
TXN00657,AP0059,2023-06-13,MakeMyTrip,Entertainment,19918.33
TXN00658,AP0003,2024-12-26,Myntra,Entertainment,38200.4
TXN00659,AP0905,2023-12-01,Ola,Entertainment,30500.04
TXN00660,AP0427,2023-03-03,IRCTC,Dining,3874.6
TXN00661,AP0454,2024-02-05,Swiggy,Travel,37394.93
TXN00662,AP0220,2023-08-04,Ola,Utilities,36167.56
TXN00663,AP0047,2024-03-27,Myntra,Entertainment,46798.51
TXN00664,AP0699,2024-04-10,Flipkart,Shopping,8209.31
TXN00665,AP0671,2023-10-26,Flipkart,Groceries,14998.45
TXN00666,AP0206,2024-08-15,Swiggy,Dining,35889.27
TXN00667,AP0261,2024-07-23,IRCTC,Shopping,19624.91
TXN00668,AP0688,2024-06-23,Ola,Utilities,26283.21
TXN00669,AP0539,2023-09-11,Big Bazaar,Travel,19881.53
TXN00670,AP0902,2023-10-30,Uber,Groceries,44213.81
TXN00671,AP0430,2024-11-13,MakeMyTrip,Dining,42820.0
TXN00672,AP0284,2024-06-02,Uber,Travel,35709.99
TXN00673,AP0870,2023-08-29,Zomato,Utilities,17539.19
TXN00674,AP0618,2024-07-31,Flipkart,Shopping,25489.13
TXN00675,AP0860,2023-10-13,Myntra,Groceries,22755.49
TXN00676,AP0394,2023-01-24,Swiggy,Shopping,31715.05
TXN00677,AP0310,2023-09-17,Uber,Dining,37878.85
TXN00678,AP0911,2024-01-13,Ola,Travel,41466.14
TXN00679,AP0534,2023-09-22,Big Bazaar,Dining,18955.56
TXN00680,AP0559,2024-11-04,Flipkart,Travel,33832.01
TXN00681,AP0494,2024-04-01,Ola,Shopping,1196.01
TXN00682,AP0375,2025-03-01,Swiggy,Travel,9048.02
TXN00683,AP0221,2023-07-08,Amazon,Dining,38257.24
TXN00684,AP0274,2023-09-22,Ola,Dining,31568.87
TXN00685,AP0266,2023-04-03,Amazon,Travel,8516.22
TXN00686,AP0369,2024-05-07,Uber,Entertainment,6009.27
TXN00687,AP0831,2023-06-30,Ola,Shopping,40658.9
TXN00688,AP0702,2023-07-09,Myntra,Shopping,39726.6
TXN00689,AP0218,2024-12-05,MakeMyTrip,Entertainment,34803.22
TXN00690,AP0678,2025-01-05,Myntra,Entertainment,7297.97
TXN00691,AP0910,2024-12-26,Big Bazaar,Travel,12351.58
TXN00692,AP0556,2025-01-16,Big Bazaar,Travel,31934.03
TXN00693,AP0444,2024-09-19,Uber,Groceries,10438.71
TXN00694,AP0517,2024-11-17,Zomato,Entertainment,30211.1
TXN00695,AP0750,2023-11-19,Zomato,Groceries,42444.19
TXN00696,AP0899,2023-02-11,Zomato,Groceries,32294.58
TXN00697,AP0897,2024-11-10,Amazon,Travel,43392.85
TXN00698,AP0280,2024-09-01,Flipkart,Utilities,39570.82
TXN00699,AP0394,2023-04-01,Ola,Utilities,837.33
TXN00700,AP0258,2023-03-17,IRCTC,Utilities,6879.59
TXN00701,AP0761,2024-01-08,Uber,Groceries,25396.65
TXN00702,AP0521,2023-05-26,Ola,Shopping,14935.82
TXN00703,AP0010,2024-08-11,Big Bazaar,Entertainment,17917.62
TXN00704,AP0253,2023-09-26,Amazon,Entertainment,28482.82
TXN00705,AP0232,2023-08-15,Zomato,Entertainment,39746.53
TXN00706,AP0747,2023-01-06,Zomato,Travel,6241.34
TXN00707,AP0489,2024-03-19,Zomato,Groceries,3405.33
TXN00708,AP0266,2024-05-23,Uber,Travel,28200.38
TXN00709,AP0118,2023-10-17,Swiggy,Entertainment,28061.97
TXN00710,AP0505,2024-09-02,IRCTC,Entertainment,4043.79
TXN00711,AP0215,2024-03-25,Zomato,Shopping,33135.53
TXN00712,AP0451,2024-01-05,MakeMyTrip,Groceries,22430.63
TXN00713,AP0342,2024-05-23,Uber,Groceries,38411.93
TXN00714,AP0448,2023-09-08,MakeMyTrip,Utilities,26237.69
TXN00715,AP0682,2023-09-12,IRCTC,Entertainment,27070.1
TXN00716,AP0171,2023-02-14,Flipkart,Utilities,19551.75
TXN00717,AP0228,2023-09-22,Amazon,Entertainment,20897.49
TXN00718,AP0795,2025-03-04,Myntra,Groceries,2705.45
TXN00719,AP0564,2023-07-15,Swiggy,Dining,25837.93
TXN00720,AP0603,2023-06-03,Flipkart,Utilities,42772.63
TXN00721,AP0719,2023-04-24,Ola,Shopping,43974.67
TXN00722,AP0094,2024-06-12,MakeMyTrip,Groceries,14243.44
TXN00723,AP0941,2024-04-04,Myntra,Entertainment,6402.36
TXN00724,AP0182,2024-08-12,Amazon,Travel,29729.35
TXN00725,AP0490,2025-01-01,IRCTC,Entertainment,39669.65
TXN00726,AP0284,2024-06-01,Amazon,Utilities,20739.73
TXN00727,AP0640,2025-02-21,Ola,Shopping,6624.63
TXN00728,AP0968,2023-12-20,IRCTC,Groceries,19955.4
TXN00729,AP0157,2024-06-05,MakeMyTrip,Groceries,19626.22
TXN00730,AP0920,2024-03-14,Ola,Shopping,34976.41
TXN00731,AP0490,2024-08-29,Swiggy,Utilities,5397.17
TXN00732,AP0194,2023-05-26,IRCTC,Dining,36535.42
TXN00733,AP0500,2024-07-28,Flipkart,Travel,13307.0
TXN00734,AP0256,2024-01-22,Myntra,Shopping,5784.5
TXN00735,AP0598,2024-08-27,Amazon,Dining,13804.55
TXN00736,AP0041,2023-10-03,Amazon,Utilities,47436.14
TXN00737,AP0916,2023-12-17,Flipkart,Utilities,42715.68
TXN00738,AP0738,2024-08-29,Amazon,Entertainment,44511.23
TXN00739,AP0473,2023-10-11,Myntra,Utilities,27789.08
TXN00740,AP0147,2023-10-27,Flipkart,Dining,9832.06
TXN00741,AP0796,2025-02-28,Big Bazaar,Travel,21471.29
TXN00742,AP0684,2024-02-03,Ola,Travel,6237.59
TXN00743,AP0722,2024-12-19,Ola,Dining,4199.99
TXN00744,AP0240,2024-07-04,Ola,Shopping,13740.46
TXN00745,AP0444,2024-09-16,IRCTC,Utilities,11168.77
TXN00746,AP0501,2024-09-25,Big Bazaar,Dining,42868.23
TXN00747,AP0194,2023-11-12,MakeMyTrip,Entertainment,47294.18
TXN00748,AP0752,2023-03-14,Myntra,Dining,23171.05
TXN00749,AP0826,2023-11-04,Amazon,Utilities,29539.8
TXN00750,AP0996,2023-08-04,Ola,Utilities,1874.47
TXN00751,AP0482,2023-01-21,Ola,Shopping,16928.17
TXN00752,AP0280,2024-02-06,Big Bazaar,Entertainment,29576.8
TXN00753,AP0757,2023-04-28,Zomato,Dining,15411.28
TXN00754,AP0687,2023-06-29,Swiggy,Groceries,10542.41
TXN00755,AP0001,2024-02-24,Flipkart,Shopping,22140.13
TXN00756,AP0582,2023-09-20,Big Bazaar,Groceries,45537.68
TXN00757,AP0705,2023-06-03,Swiggy,Travel,38806.66
TXN00758,AP0472,2025-02-14,IRCTC,Groceries,11312.24
TXN00759,AP0074,2024-03-18,Swiggy,Dining,38962.53
TXN00760,AP0683,2024-11-01,Big Bazaar,Dining,43132.91
TXN00761,AP0422,2023-07-22,MakeMyTrip,Travel,41651.72
TXN00762,AP0976,2023-04-17,Big Bazaar,Shopping,23387.62
TXN00763,AP0728,2023-12-30,Flipkart,Dining,43364.06
TXN00764,AP0032,2023-04-28,MakeMyTrip,Groceries,29505.48
TXN00765,AP0054,2023-08-04,Flipkart,Shopping,7158.0
TXN00766,AP0744,2024-09-10,Big Bazaar,Entertainment,49493.82
TXN00767,AP0110,2024-03-17,MakeMyTrip,Shopping,42911.55
TXN00768,AP0071,2023-10-02,MakeMyTrip,Entertainment,30771.98
TXN00769,AP0157,2024-12-22,IRCTC,Groceries,36468.87
TXN00770,AP0343,2024-10-17,Ola,Shopping,49198.56
TXN00771,AP0424,2024-09-22,Ola,Shopping,25036.22
TXN00772,AP0888,2025-01-01,Swiggy,Shopping,41009.1
TXN00773,AP0490,2024-03-29,Zomato,Entertainment,14864.26
TXN00774,AP0551,2023-03-29,Myntra,Groceries,25155.23
TXN00775,AP0138,2024-07-29,MakeMyTrip,Groceries,33394.48
TXN00776,AP0285,2024-03-30,Swiggy,Entertainment,39300.63
TXN00777,AP0315,2024-07-10,Flipkart,Shopping,29624.04
TXN00778,AP0314,2024-11-01,Swiggy,Utilities,9456.34
TXN00779,AP0210,2024-10-12,Zomato,Utilities,34542.71
TXN00780,AP0067,2024-01-29,Flipkart,Entertainment,39122.68
TXN00781,AP0477,2023-11-01,Myntra,Travel,10956.01
TXN00782,AP0805,2023-08-24,Swiggy,Dining,15603.65
TXN00783,AP0721,2024-05-07,Flipkart,Travel,2158.48
TXN00784,AP0703,2023-02-23,Amazon,Entertainment,38974.27
TXN00785,AP0171,2024-05-28,MakeMyTrip,Utilities,32647.27
TXN00786,AP0603,2024-07-05,Amazon,Travel,27570.34
TXN00787,AP0903,2023-11-05,Myntra,Utilities,26270.03
TXN00788,AP0015,2023-01-13,Flipkart,Dining,45168.34
TXN00789,AP0444,2024-05-30,Myntra,Entertainment,6533.06
TXN00790,AP0189,2025-03-21,Swiggy,Travel,12539.4
TXN00791,AP0230,2023-08-11,Zomato,Utilities,16682.34
TXN00792,AP0163,2024-10-03,Myntra,Travel,20172.4
TXN00793,AP0177,2023-01-05,Swiggy,Utilities,38877.67
TXN00794,AP0500,2024-06-08,Zomato,Travel,21890.92
TXN00795,AP0611,2024-10-08,Flipkart,Shopping,349.31
TXN00796,AP0647,2024-03-26,Myntra,Entertainment,16054.36
TXN00797,AP0291,2024-09-29,Ola,Dining,36158.86
TXN00798,AP0546,2023-01-19,Amazon,Entertainment,11437.92
TXN00799,AP0738,2023-08-05,Zomato,Dining,21870.8
TXN00800,AP0165,2025-02-08,Amazon,Dining,6510.97
TXN00801,AP0091,2024-05-14,MakeMyTrip,Shopping,3027.7
TXN00802,AP0074,2023-05-15,Flipkart,Travel,49570.6
TXN00803,AP0375,2024-03-21,MakeMyTrip,Dining,17311.14
TXN00804,AP0314,2023-02-15,Big Bazaar,Entertainment,48887.38
TXN00805,AP0927,2023-01-07,Zomato,Entertainment,7059.3
TXN00806,AP0123,2024-12-03,Uber,Shopping,32759.28
TXN00807,AP0985,2023-02-10,IRCTC,Groceries,21812.17
TXN00808,AP0609,2023-05-31,Zomato,Shopping,13715.37
TXN00809,AP0376,2023-06-15,Ola,Travel,9940.64
TXN00810,AP0190,2023-05-18,MakeMyTrip,Travel,29594.24
TXN00811,AP0836,2023-11-17,Amazon,Utilities,4996.33
TXN00812,AP0894,2023-11-22,Swiggy,Shopping,14044.39
TXN00813,AP0263,2023-01-02,MakeMyTrip,Dining,12951.24
TXN00814,AP0882,2023-09-11,Amazon,Dining,22768.43
TXN00815,AP0344,2023-11-01,Flipkart,Groceries,33532.25
TXN00816,AP0179,2024-11-26,MakeMyTrip,Utilities,32571.01
TXN00817,AP0237,2024-01-26,Flipkart,Entertainment,34017.59
TXN00818,AP0352,2023-05-03,IRCTC,Shopping,20980.88
TXN00819,AP0948,2024-11-11,IRCTC,Entertainment,213.12
TXN00820,AP0295,2025-02-01,Amazon,Entertainment,18166.38
TXN00821,AP0503,2024-05-03,Zomato,Entertainment,16423.79
TXN00822,AP0155,2023-09-19,MakeMyTrip,Groceries,43188.31
TXN00823,AP0760,2024-09-27,Uber,Groceries,34885.87
TXN00824,AP0973,2024-09-10,Myntra,Dining,29486.04
TXN00825,AP0282,2024-09-05,Myntra,Utilities,45140.34
TXN00826,AP0653,2024-11-02,Swiggy,Utilities,45765.68
TXN00827,AP0938,2024-05-15,Myntra,Entertainment,39413.57
TXN00828,AP0343,2024-03-22,Uber,Dining,2922.53
TXN00829,AP0272,2024-03-05,Uber,Groceries,17087.31
TXN00830,AP0878,2024-02-22,Myntra,Travel,19179.45
TXN00831,AP0306,2023-01-18,Myntra,Groceries,13859.49
TXN00832,AP0190,2024-11-17,Swiggy,Travel,49102.87
TXN00833,AP0857,2023-11-08,Ola,Groceries,26345.55
TXN00834,AP0441,2024-01-25,Myntra,Groceries,35643.61
TXN00835,AP0708,2023-06-02,Amazon,Dining,29772.65
TXN00836,AP0397,2023-11-23,Uber,Entertainment,10523.03
TXN00837,AP0602,2023-01-04,MakeMyTrip,Entertainment,22030.64
TXN00838,AP0962,2024-03-30,MakeMyTrip,Dining,32504.98
TXN00839,AP0705,2023-02-17,Myntra,Utilities,4564.42
TXN00840,AP0622,2024-08-27,Zomato,Groceries,19247.1
TXN00841,AP0684,2024-03-03,Flipkart,Dining,12442.6
TXN00842,AP0258,2023-09-13,Amazon,Dining,42321.79
TXN00843,AP0872,2024-08-21,MakeMyTrip,Groceries,13744.7
TXN00844,AP0081,2024-03-02,Big Bazaar,Dining,35763.11
TXN00845,AP0010,2023-06-05,Swiggy,Utilities,25805.83
TXN00846,AP0662,2025-02-07,Zomato,Entertainment,17974.9
TXN00847,AP0872,2023-01-30,Zomato,Shopping,36045.01
TXN00848,AP0177,2024-10-12,MakeMyTrip,Dining,7872.39
TXN00849,AP0114,2023-12-23,Uber,Shopping,40016.85
TXN00850,AP0582,2025-03-21,Amazon,Dining,47270.25
TXN00851,AP0576,2023-04-24,Big Bazaar,Entertainment,42541.55
TXN00852,AP0485,2023-08-15,Ola,Utilities,30319.73
TXN00853,AP0010,2025-02-09,Zomato,Travel,20520.22
TXN00854,AP0716,2024-01-20,Uber,Entertainment,9206.54
TXN00855,AP0892,2024-03-23,Ola,Utilities,39525.03
TXN00856,AP0998,2024-02-04,Big Bazaar,Entertainment,43911.52
TXN00857,AP0212,2024-05-28,Ola,Entertainment,27615.57
TXN00858,AP0061,2023-06-23,IRCTC,Entertainment,21108.26
TXN00859,AP0917,2024-06-27,Big Bazaar,Dining,34668.21
TXN00860,AP0601,2023-10-06,Swiggy,Groceries,40431.39
TXN00861,AP0293,2023-06-29,Big Bazaar,Groceries,36674.4
TXN00862,AP0507,2024-08-29,Zomato,Shopping,35544.87
TXN00863,AP0397,2024-01-17,Amazon,Dining,2906.85
TXN00864,AP0973,2024-06-27,Ola,Entertainment,37875.47
TXN00865,AP0544,2025-03-20,Flipkart,Groceries,32514.34
TXN00866,AP0594,2023-04-11,Flipkart,Travel,35727.95
TXN00867,AP0837,2025-02-21,Myntra,Shopping,29449.72
TXN00868,AP0836,2023-04-16,Ola,Travel,25784.42
TXN00869,AP0965,2025-04-01,Myntra,Groceries,25947.08
TXN00870,AP0832,2023-10-11,Uber,Groceries,25129.45
TXN00871,AP0984,2023-11-01,Myntra,Utilities,12475.71
TXN00872,AP0594,2024-10-14,Flipkart,Utilities,29649.66
TXN00873,AP0247,2023-05-28,Zomato,Shopping,15382.07
TXN00874,AP0320,2024-05-29,MakeMyTrip,Entertainment,34715.3
TXN00875,AP0563,2024-01-14,IRCTC,Dining,30151.22
TXN00876,AP0443,2024-11-20,Swiggy,Dining,13423.22
TXN00877,AP0277,2023-12-08,Swiggy,Dining,11179.22
TXN00878,AP0693,2024-11-26,Uber,Utilities,10970.33
TXN00879,AP0561,2025-03-15,Big Bazaar,Dining,9970.72
TXN00880,AP0231,2025-03-07,Myntra,Travel,14351.36
TXN00881,AP0691,2024-08-13,Ola,Dining,28719.92
TXN00882,AP0477,2023-05-25,Flipkart,Groceries,29701.5
TXN00883,AP0953,2025-01-16,Big Bazaar,Groceries,10976.47
TXN00884,AP0453,2024-06-04,Flipkart,Travel,18199.68
TXN00885,AP0208,2024-12-31,Zomato,Dining,453.67
TXN00886,AP0727,2023-03-10,Ola,Travel,37879.48
TXN00887,AP0928,2023-06-05,Myntra,Utilities,1517.56
TXN00888,AP0977,2023-03-14,Big Bazaar,Entertainment,11835.51
TXN00889,AP0977,2024-05-26,IRCTC,Shopping,37117.87
TXN00890,AP0563,2023-04-05,Myntra,Groceries,12226.6
TXN00891,AP0228,2025-01-28,MakeMyTrip,Entertainment,31855.88
TXN00892,AP0509,2024-09-13,IRCTC,Shopping,2435.09
TXN00893,AP0405,2023-07-09,Swiggy,Groceries,9345.82
TXN00894,AP0387,2024-10-05,Swiggy,Travel,38258.09
TXN00895,AP0240,2025-03-08,MakeMyTrip,Entertainment,47488.33
TXN00896,AP0282,2023-03-15,Swiggy,Groceries,16970.15
TXN00897,AP0871,2023-09-04,Amazon,Shopping,27132.39
TXN00898,AP0322,2023-03-14,Zomato,Shopping,31994.74
TXN00899,AP0456,2023-05-27,Uber,Dining,10400.99
TXN00900,AP0295,2024-07-25,Amazon,Travel,35818.29
TXN00901,AP0913,2024-03-01,Zomato,Utilities,26726.77
TXN00902,AP0500,2024-02-19,Uber,Travel,28262.52
TXN00903,AP0120,2024-08-16,Myntra,Entertainment,33818.95
TXN00904,AP0102,2025-01-09,Amazon,Dining,33462.41
TXN00905,AP0433,2024-02-05,Big Bazaar,Utilities,30652.14
TXN00906,AP0797,2023-03-27,Zomato,Dining,1310.72
TXN00907,AP0453,2025-01-10,Big Bazaar,Entertainment,48289.58
TXN00908,AP0402,2023-11-04,Flipkart,Entertainment,17096.75
TXN00909,AP0877,2023-10-05,MakeMyTrip,Dining,47171.78
TXN00910,AP0784,2024-04-25,Amazon,Entertainment,39324.31
TXN00911,AP0597,2024-07-29,IRCTC,Utilities,25682.89
TXN00912,AP0569,2023-01-10,Zomato,Groceries,8179.55
TXN00913,AP0034,2024-09-23,MakeMyTrip,Groceries,42030.18
TXN00914,AP0378,2024-02-29,IRCTC,Shopping,41451.29
TXN00915,AP0232,2024-04-18,Myntra,Utilities,20001.67
TXN00916,AP0366,2023-11-15,Uber,Shopping,20694.19
TXN00917,AP0438,2024-01-27,Amazon,Travel,33464.92
TXN00918,AP0341,2024-03-28,Flipkart,Groceries,8685.45
TXN00919,AP0284,2024-04-30,Uber,Travel,6748.1
TXN00920,AP0938,2024-08-02,IRCTC,Dining,29715.88
TXN00921,AP0400,2023-03-22,Myntra,Utilities,35144.25
TXN00922,AP0417,2023-09-27,MakeMyTrip,Entertainment,3158.64
TXN00923,AP0718,2024-06-25,Flipkart,Dining,32556.92
TXN00924,AP0389,2025-01-26,Uber,Shopping,13233.85
TXN00925,AP0543,2024-11-05,Zomato,Travel,1602.3
TXN00926,AP0600,2024-03-30,Uber,Travel,43267.78
TXN00927,AP0848,2024-02-06,Zomato,Utilities,38022.52
TXN00928,AP0122,2025-03-10,Myntra,Entertainment,36557.2
TXN00929,AP0345,2024-12-02,Big Bazaar,Dining,45507.11
TXN00930,AP0977,2024-07-22,Swiggy,Dining,11999.49
TXN00931,AP0704,2023-12-21,Flipkart,Shopping,9423.33
TXN00932,AP0172,2025-02-09,Uber,Entertainment,31661.14
TXN00933,AP0908,2023-03-27,MakeMyTrip,Groceries,28573.84
TXN00934,AP0555,2023-06-03,Uber,Travel,4423.36
TXN00935,AP0384,2023-09-09,Swiggy,Travel,18114.83
TXN00936,AP0714,2024-05-26,Amazon,Groceries,28473.34
TXN00937,AP0998,2024-04-12,MakeMyTrip,Groceries,21752.82
TXN00938,AP0395,2024-06-29,Uber,Utilities,11315.83
TXN00939,AP0789,2024-04-25,Flipkart,Groceries,3954.01
TXN00940,AP0454,2024-01-11,Big Bazaar,Dining,10965.18
TXN00941,AP0732,2024-06-13,Big Bazaar,Travel,47359.91
TXN00942,AP0319,2024-07-20,MakeMyTrip,Dining,24815.22
TXN00943,AP0550,2023-01-04,IRCTC,Shopping,29166.2
TXN00944,AP0345,2024-05-25,Big Bazaar,Entertainment,33207.89
TXN00945,AP0914,2024-08-10,MakeMyTrip,Travel,25191.04
TXN00946,AP0124,2025-02-03,Myntra,Groceries,20230.29
TXN00947,AP0084,2024-02-21,Amazon,Groceries,11078.73
TXN00948,AP0918,2023-09-25,IRCTC,Groceries,6772.69
TXN00949,AP0241,2024-11-21,Flipkart,Entertainment,24093.17
TXN00950,AP0740,2024-04-21,MakeMyTrip,Dining,24279.13
TXN00951,AP0234,2023-10-11,Big Bazaar,Dining,16980.56
TXN00952,AP0779,2023-11-20,Swiggy,Groceries,30138.9
TXN00953,AP0005,2024-12-17,Myntra,Travel,32376.21
TXN00954,AP0745,2024-04-22,Myntra,Travel,48408.28
TXN00955,AP0195,2023-03-23,Uber,Shopping,45879.41
TXN00956,AP0675,2024-07-09,Amazon,Shopping,28930.77
TXN00957,AP0821,2023-06-08,Swiggy,Utilities,11603.18
TXN00958,AP0338,2023-02-17,Ola,Groceries,32390.78
TXN00959,AP0758,2024-07-12,Big Bazaar,Dining,40182.79
TXN00960,AP0200,2023-08-02,Ola,Utilities,11088.4
TXN00961,AP0801,2025-02-18,Uber,Dining,32496.44
TXN00962,AP0382,2024-04-12,MakeMyTrip,Shopping,31095.23
TXN00963,AP0356,2023-03-06,Uber,Travel,28555.44
TXN00964,AP0519,2023-01-23,Uber,Utilities,13761.19
TXN00965,AP0037,2025-01-07,MakeMyTrip,Utilities,4151.8
TXN00966,AP0625,2024-12-19,Flipkart,Shopping,46365.7
TXN00967,AP0206,2023-10-31,MakeMyTrip,Entertainment,5341.33
TXN00968,AP0420,2024-05-22,Uber,Shopping,31356.55
TXN00969,AP0772,2023-09-14,Uber,Groceries,19771.06
TXN00970,AP0720,2023-01-27,Amazon,Groceries,41465.94
TXN00971,AP0531,2024-01-31,Amazon,Dining,3172.34
TXN00972,AP0932,2024-07-28,Zomato,Entertainment,13516.95
TXN00973,AP0789,2024-11-23,Swiggy,Dining,37718.76
TXN00974,AP0021,2023-11-08,MakeMyTrip,Dining,41590.92
TXN00975,AP0662,2023-12-15,Zomato,Entertainment,11355.22
TXN00976,AP0307,2023-04-18,IRCTC,Travel,27022.17
TXN00977,AP0631,2023-03-19,MakeMyTrip,Shopping,24098.96
TXN00978,AP0963,2023-02-23,Zomato,Entertainment,37398.92
TXN00979,AP0650,2023-04-29,Swiggy,Dining,33024.47
TXN00980,AP0819,2025-01-17,Swiggy,Travel,41079.42
TXN00981,AP0846,2024-04-13,Amazon,Travel,10862.6
TXN00982,AP0647,2024-01-17,IRCTC,Groceries,31779.87
TXN00983,AP0859,2024-05-02,Ola,Groceries,25095.97
TXN00984,AP0410,2023-10-22,Flipkart,Groceries,19553.84
TXN00985,AP0614,2023-01-02,Zomato,Shopping,42640.46
TXN00986,AP0220,2024-11-12,Ola,Shopping,3558.43
TXN00987,AP0194,2024-01-31,Flipkart,Dining,4676.7
TXN00988,AP0616,2024-09-03,IRCTC,Travel,41580.61
TXN00989,AP0575,2024-05-18,Ola,Groceries,49435.0
TXN00990,AP0644,2024-02-15,MakeMyTrip,Travel,202.31
TXN00991,AP0667,2024-09-07,Amazon,Groceries,37394.27
TXN00992,AP0416,2023-08-16,Myntra,Entertainment,37276.93
TXN00993,AP0088,2024-04-05,MakeMyTrip,Shopping,35015.39
TXN00994,AP0887,2024-04-27,IRCTC,Utilities,40553.28
TXN00995,AP0909,2024-09-10,Swiggy,Groceries,1100.18
TXN00996,AP0156,2025-03-31,Big Bazaar,Groceries,37088.88
TXN00997,AP0653,2024-09-22,Ola,Shopping,21935.9
TXN00998,AP0051,2025-02-11,Uber,Travel,24686.71
TXN00999,AP0343,2025-03-03,Zomato,Groceries,4780.81
TXN01000,AP0312,2023-01-06,IRCTC,Entertainment,41273.77
TXN01001,AP0173,2024-02-11,Flipkart,Shopping,24216.57
TXN01002,AP0786,2023-02-11,Amazon,Travel,13019.84
TXN01003,AP0620,2024-10-14,Ola,Dining,15712.94
TXN01004,AP0931,2025-03-13,MakeMyTrip,Entertainment,9082.09
TXN01005,AP0996,2024-06-03,MakeMyTrip,Shopping,25559.56
TXN01006,AP0770,2024-08-15,MakeMyTrip,Dining,11566.05
TXN01007,AP0167,2023-02-25,IRCTC,Groceries,30822.48
TXN01008,AP0128,2023-10-06,Uber,Groceries,627.58
TXN01009,AP0903,2023-12-23,IRCTC,Utilities,14240.39
TXN01010,AP0687,2023-11-01,Uber,Entertainment,39619.43
TXN01011,AP0554,2023-07-29,Swiggy,Entertainment,11608.94
TXN01012,AP0948,2024-04-29,Big Bazaar,Dining,45470.76
TXN01013,AP0335,2025-03-11,Zomato,Dining,12275.96
TXN01014,AP0091,2024-11-19,Myntra,Entertainment,42047.39
TXN01015,AP0951,2024-11-15,Myntra,Dining,1210.67
TXN01016,AP0139,2024-12-18,Zomato,Groceries,45259.67
TXN01017,AP0835,2025-01-21,Flipkart,Shopping,10759.98
TXN01018,AP0986,2023-01-26,Zomato,Entertainment,8734.1
TXN01019,AP0161,2025-02-25,Uber,Groceries,45232.25
TXN01020,AP0490,2024-09-25,MakeMyTrip,Entertainment,3088.65
TXN01021,AP0763,2023-07-02,Amazon,Shopping,29751.03
TXN01022,AP0716,2024-01-11,MakeMyTrip,Utilities,39656.38
TXN01023,AP0206,2024-06-02,Swiggy,Groceries,6698.23
TXN01024,AP0231,2023-09-26,IRCTC,Utilities,22346.45
TXN01025,AP0045,2024-06-08,Uber,Groceries,44284.08
TXN01026,AP0420,2023-03-23,Flipkart,Dining,38778.09
TXN01027,AP0165,2023-11-05,Amazon,Utilities,16241.1
TXN01028,AP0465,2023-12-29,Amazon,Travel,27243.71
TXN01029,AP0009,2023-10-05,Amazon,Travel,39141.87
TXN01030,AP0607,2024-11-22,Amazon,Entertainment,42386.76
TXN01031,AP0929,2024-09-16,Myntra,Shopping,7958.77
TXN01032,AP0206,2024-02-03,Uber,Utilities,5771.32
TXN01033,AP0018,2024-12-27,Swiggy,Travel,13669.08
TXN01034,AP0827,2024-01-13,MakeMyTrip,Dining,23629.64
TXN01035,AP0164,2024-03-27,Myntra,Utilities,32756.72
TXN01036,AP0588,2023-09-19,Ola,Shopping,12759.09
TXN01037,AP0239,2025-01-13,Amazon,Entertainment,4106.12
TXN01038,AP0940,2023-12-15,MakeMyTrip,Utilities,20883.41
TXN01039,AP0441,2024-08-10,Big Bazaar,Groceries,34098.62
TXN01040,AP0052,2024-07-29,IRCTC,Shopping,40176.27
TXN01041,AP0936,2024-09-17,Ola,Entertainment,36223.7
TXN01042,AP0495,2023-04-24,Zomato,Utilities,38494.39
TXN01043,AP0041,2024-01-01,Amazon,Entertainment,44833.43
TXN01044,AP0301,2025-03-07,Zomato,Shopping,44345.67
TXN01045,AP0907,2023-02-14,MakeMyTrip,Utilities,29087.16
TXN01046,AP0513,2024-11-01,IRCTC,Shopping,30201.49
TXN01047,AP0392,2024-01-28,IRCTC,Shopping,26734.08
TXN01048,AP0219,2023-02-06,Zomato,Entertainment,14703.09
TXN01049,AP0679,2023-11-08,Flipkart,Travel,43298.75
TXN01050,AP0731,2024-03-16,Myntra,Entertainment,43310.16
TXN01051,AP0659,2023-02-02,MakeMyTrip,Dining,43828.55
TXN01052,AP0332,2024-02-15,Amazon,Dining,13190.44
TXN01053,AP0349,2024-10-24,Swiggy,Shopping,7722.62
TXN01054,AP0034,2025-02-04,Big Bazaar,Dining,7595.19
TXN01055,AP0722,2023-01-27,IRCTC,Travel,34303.54
TXN01056,AP0531,2023-07-08,Uber,Utilities,38505.78
TXN01057,AP0419,2023-09-07,Myntra,Groceries,25582.93
TXN01058,AP0984,2023-01-29,Swiggy,Shopping,13860.19
TXN01059,AP0790,2024-06-30,Ola,Travel,9472.86
TXN01060,AP0536,2024-12-05,Swiggy,Groceries,4203.04
TXN01061,AP0468,2024-04-26,Big Bazaar,Utilities,732.13
TXN01062,AP0918,2025-02-08,Myntra,Dining,34723.73
TXN01063,AP0397,2023-06-06,Zomato,Utilities,23331.31
TXN01064,AP0552,2025-02-14,MakeMyTrip,Groceries,17879.75
TXN01065,AP0660,2024-05-17,IRCTC,Groceries,12007.08
TXN01066,AP0472,2024-10-21,Uber,Groceries,45851.45
TXN01067,AP0040,2023-06-09,Swiggy,Shopping,6528.75
TXN01068,AP0137,2024-10-25,Flipkart,Entertainment,33770.69
TXN01069,AP0424,2023-10-29,Uber,Groceries,10977.86
TXN01070,AP0046,2025-02-13,Amazon,Groceries,32828.46
TXN01071,AP0369,2023-03-03,Amazon,Shopping,1491.09
TXN01072,AP0797,2023-10-13,Ola,Entertainment,16297.24
TXN01073,AP0667,2024-04-16,Myntra,Entertainment,4014.09
TXN01074,AP0480,2025-02-14,Ola,Shopping,6123.68
TXN01075,AP0506,2023-06-01,IRCTC,Utilities,11804.39
TXN01076,AP0251,2024-05-10,Amazon,Groceries,7852.14
TXN01077,AP0492,2025-01-22,Ola,Entertainment,44775.66
TXN01078,AP0464,2023-04-11,Big Bazaar,Travel,22812.72
TXN01079,AP0631,2023-08-01,Swiggy,Utilities,16851.09
TXN01080,AP0105,2024-04-05,Big Bazaar,Travel,868.95
TXN01081,AP0644,2023-12-04,Big Bazaar,Travel,46515.28
TXN01082,AP0247,2024-10-08,MakeMyTrip,Dining,12830.47
TXN01083,AP0418,2024-10-06,Flipkart,Travel,41125.12
TXN01084,AP0997,2023-02-11,Amazon,Entertainment,2623.79
TXN01085,AP0603,2023-10-18,Uber,Travel,33503.68
TXN01086,AP0757,2023-12-31,Flipkart,Shopping,48586.21
TXN01087,AP0319,2023-07-23,Zomato,Dining,10920.69
TXN01088,AP0988,2023-08-26,Uber,Groceries,12851.92
TXN01089,AP0214,2023-06-27,Amazon,Utilities,44588.85
TXN01090,AP0082,2024-12-26,MakeMyTrip,Groceries,8510.1
TXN01091,AP0302,2023-12-27,Amazon,Entertainment,30364.35
TXN01092,AP0881,2024-08-12,Amazon,Utilities,26826.22
TXN01093,AP0255,2024-08-31,Flipkart,Dining,49712.33
TXN01094,AP0247,2023-12-29,Amazon,Dining,47002.82
TXN01095,AP0336,2023-12-27,Big Bazaar,Entertainment,6177.82
TXN01096,AP0956,2023-08-01,Swiggy,Dining,41729.14
TXN01097,AP0094,2023-10-23,Zomato,Travel,22922.13
TXN01098,AP0164,2024-09-02,Ola,Dining,39788.34
TXN01099,AP0256,2023-10-27,MakeMyTrip,Utilities,9443.55
TXN01100,AP0420,2024-08-21,Zomato,Entertainment,46439.33
TXN01101,AP0930,2024-12-02,IRCTC,Shopping,25306.88
TXN01102,AP0560,2024-09-05,Zomato,Travel,23327.87
TXN01103,AP0875,2024-06-12,Myntra,Shopping,30266.91
TXN01104,AP0703,2023-01-05,Zomato,Groceries,18673.52
TXN01105,AP0682,2023-04-11,Swiggy,Entertainment,28012.6
TXN01106,AP0628,2025-03-16,Amazon,Entertainment,16456.83
TXN01107,AP0880,2023-11-15,Amazon,Entertainment,38978.16
TXN01108,AP0474,2023-02-05,Uber,Entertainment,49026.22
TXN01109,AP0903,2023-01-01,Uber,Groceries,22337.49
TXN01110,AP0171,2024-06-04,Amazon,Travel,1172.2
TXN01111,AP0746,2025-01-11,Myntra,Travel,48205.35
TXN01112,AP0252,2023-06-15,MakeMyTrip,Shopping,12872.5
TXN01113,AP0840,2025-03-08,Zomato,Dining,13514.08
TXN01114,AP0531,2024-12-11,Flipkart,Entertainment,6066.8
TXN01115,AP0543,2023-08-07,Big Bazaar,Utilities,28054.27
TXN01116,AP0653,2023-07-10,Flipkart,Groceries,2683.69
TXN01117,AP0779,2023-09-06,IRCTC,Utilities,28956.59
TXN01118,AP0581,2024-01-12,MakeMyTrip,Groceries,47320.58
TXN01119,AP0006,2024-11-20,Ola,Entertainment,24671.65
TXN01120,AP0504,2024-11-30,Zomato,Groceries,46441.1
TXN01121,AP0411,2023-04-14,Ola,Entertainment,33000.35
TXN01122,AP0563,2023-03-25,Swiggy,Groceries,39274.95
TXN01123,AP0382,2024-04-19,Zomato,Dining,43921.15
TXN01124,AP0938,2023-08-10,MakeMyTrip,Dining,31546.87
TXN01125,AP0724,2024-09-15,Amazon,Travel,27841.09
TXN01126,AP0084,2024-12-06,Ola,Travel,1862.16
TXN01127,AP0193,2024-01-10,Zomato,Shopping,25501.71
TXN01128,AP0655,2023-08-02,Ola,Groceries,15971.1
TXN01129,AP0837,2023-06-24,Amazon,Entertainment,45960.76
TXN01130,AP0771,2023-10-24,Ola,Shopping,2472.31
TXN01131,AP0749,2024-02-02,Zomato,Dining,14642.62
TXN01132,AP0293,2024-08-09,Flipkart,Dining,36388.05
TXN01133,AP0868,2024-10-15,Amazon,Utilities,16051.53
TXN01134,AP0871,2024-10-14,Flipkart,Entertainment,5684.7
TXN01135,AP0091,2024-12-14,Swiggy,Groceries,17901.72
TXN01136,AP0038,2025-02-09,Myntra,Shopping,29022.42
TXN01137,AP0813,2023-07-22,Zomato,Dining,9268.87
TXN01138,AP0248,2023-08-07,Swiggy,Shopping,17420.62
TXN01139,AP0827,2024-05-30,MakeMyTrip,Shopping,30177.41
TXN01140,AP1000,2023-02-04,Flipkart,Travel,12106.32
TXN01141,AP0066,2024-01-10,MakeMyTrip,Utilities,3289.75
TXN01142,AP0072,2023-12-19,Flipkart,Travel,16456.71
TXN01143,AP0177,2023-11-30,Amazon,Entertainment,33438.35
TXN01144,AP0922,2023-03-19,MakeMyTrip,Utilities,45909.42
TXN01145,AP0400,2023-11-28,MakeMyTrip,Dining,44178.22
TXN01146,AP0794,2024-12-05,Myntra,Travel,5931.88
TXN01147,AP0469,2023-04-15,Swiggy,Entertainment,45396.71
TXN01148,AP0047,2024-11-16,Ola,Shopping,1596.11
TXN01149,AP0499,2024-04-28,MakeMyTrip,Dining,3651.22
TXN01150,AP0850,2025-01-23,Amazon,Dining,49402.99
TXN01151,AP0016,2023-08-29,Uber,Entertainment,32352.47
TXN01152,AP0801,2024-12-05,Ola,Dining,3519.43
TXN01153,AP0930,2023-05-29,Flipkart,Shopping,40557.5
TXN01154,AP0035,2024-09-25,Big Bazaar,Groceries,49084.13
TXN01155,AP0043,2024-07-16,Amazon,Groceries,2881.72
TXN01156,AP0978,2024-12-14,IRCTC,Travel,49432.53
TXN01157,AP0932,2023-12-28,Swiggy,Entertainment,36984.86
TXN01158,AP0924,2023-01-25,Myntra,Travel,13778.32
TXN01159,AP0716,2024-09-24,MakeMyTrip,Entertainment,34433.97
TXN01160,AP0235,2024-12-12,Amazon,Groceries,31999.63
TXN01161,AP0427,2023-08-09,MakeMyTrip,Utilities,45368.37
TXN01162,AP0894,2023-11-01,Uber,Groceries,20000.71
TXN01163,AP0780,2023-01-22,MakeMyTrip,Dining,11017.81
TXN01164,AP0024,2023-11-24,Swiggy,Utilities,19790.03
TXN01165,AP0571,2024-05-10,Uber,Travel,2352.1
TXN01166,AP0745,2024-02-12,Ola,Utilities,46829.78
TXN01167,AP0645,2023-09-21,MakeMyTrip,Groceries,36250.05
TXN01168,AP0142,2024-07-06,IRCTC,Groceries,20416.21
TXN01169,AP0364,2024-04-03,Amazon,Groceries,28024.36
TXN01170,AP0855,2023-03-14,MakeMyTrip,Utilities,13704.18
TXN01171,AP0246,2024-08-10,Amazon,Groceries,48654.94
TXN01172,AP0487,2025-02-25,MakeMyTrip,Entertainment,33204.16
TXN01173,AP0426,2024-02-14,Big Bazaar,Shopping,10214.86
TXN01174,AP0456,2023-02-10,Uber,Utilities,40495.68
TXN01175,AP0794,2024-03-08,Uber,Shopping,32989.25
TXN01176,AP0465,2023-05-10,Zomato,Shopping,44226.03
TXN01177,AP0214,2023-10-04,IRCTC,Shopping,375.59
TXN01178,AP0065,2024-10-20,IRCTC,Shopping,39518.09
TXN01179,AP0217,2023-05-12,MakeMyTrip,Utilities,6010.06
TXN01180,AP0710,2025-01-28,IRCTC,Entertainment,22719.44
TXN01181,AP0649,2025-03-07,Amazon,Groceries,3415.19
TXN01182,AP0550,2023-02-02,Amazon,Groceries,35908.2
TXN01183,AP0240,2023-03-27,Swiggy,Travel,26137.05
TXN01184,AP0152,2024-03-01,Big Bazaar,Groceries,9919.52
TXN01185,AP0695,2024-12-04,Flipkart,Entertainment,12157.83
TXN01186,AP0273,2024-09-02,Big Bazaar,Dining,36212.81
TXN01187,AP0862,2023-06-04,Amazon,Shopping,42556.67
TXN01188,AP0320,2025-01-17,Big Bazaar,Dining,4346.94
TXN01189,AP0572,2023-11-30,Big Bazaar,Dining,27278.01
TXN01190,AP0064,2023-06-16,Amazon,Entertainment,35257.97
TXN01191,AP0313,2023-12-26,IRCTC,Utilities,37359.45
TXN01192,AP0817,2025-01-05,Myntra,Groceries,32014.39
TXN01193,AP0670,2023-11-14,Swiggy,Utilities,37399.39
TXN01194,AP0622,2024-12-31,Myntra,Dining,1315.7
TXN01195,AP0804,2024-10-18,Flipkart,Travel,18456.33
TXN01196,AP0798,2024-10-25,Flipkart,Shopping,17289.08
TXN01197,AP0732,2024-05-02,Flipkart,Groceries,740.76
TXN01198,AP0930,2025-03-07,Zomato,Dining,22228.27
TXN01199,AP0368,2024-01-22,Big Bazaar,Utilities,17924.3
TXN01200,AP0666,2025-01-05,Myntra,Shopping,19098.99
TXN01201,AP0883,2023-01-31,Amazon,Entertainment,8751.07
TXN01202,AP0840,2023-03-25,MakeMyTrip,Dining,605.28
TXN01203,AP0713,2023-01-06,Amazon,Dining,3081.39
TXN01204,AP0648,2024-05-26,Amazon,Travel,15923.2
TXN01205,AP0740,2024-07-22,IRCTC,Utilities,45501.93
TXN01206,AP0784,2023-10-27,Uber,Groceries,37437.41
TXN01207,AP0555,2024-11-18,Myntra,Entertainment,47723.46
TXN01208,AP0228,2024-09-21,Zomato,Travel,6663.16
TXN01209,AP0404,2024-04-17,Zomato,Travel,15641.95
TXN01210,AP0964,2024-08-02,Swiggy,Entertainment,13662.3
TXN01211,AP0712,2024-01-08,MakeMyTrip,Groceries,22203.72
TXN01212,AP0189,2025-01-07,MakeMyTrip,Travel,3550.92
TXN01213,AP0348,2024-01-27,Swiggy,Groceries,10710.5
TXN01214,AP0466,2023-03-11,Swiggy,Shopping,22380.49
TXN01215,AP0164,2023-01-22,Zomato,Dining,48146.42
TXN01216,AP0152,2024-07-20,Ola,Shopping,11669.56
TXN01217,AP0280,2025-03-11,Myntra,Entertainment,45687.98
TXN01218,AP0331,2023-08-18,Swiggy,Shopping,13385.17
TXN01219,AP0450,2023-07-29,Zomato,Utilities,21673.05
TXN01220,AP0982,2024-10-23,Amazon,Shopping,25063.35
TXN01221,AP0139,2024-06-16,Uber,Dining,6903.16
TXN01222,AP0074,2023-09-22,Myntra,Dining,19663.85
TXN01223,AP0075,2025-03-14,Ola,Utilities,5067.7
TXN01224,AP0462,2024-02-12,Swiggy,Dining,49405.21
TXN01225,AP0801,2023-06-10,MakeMyTrip,Groceries,46956.11
TXN01226,AP0148,2024-05-10,Swiggy,Shopping,35379.51
TXN01227,AP0251,2024-09-06,Myntra,Shopping,40888.03
TXN01228,AP0942,2023-03-29,Swiggy,Travel,35730.98
TXN01229,AP0960,2023-12-21,MakeMyTrip,Entertainment,23065.91
TXN01230,AP0228,2023-05-10,Myntra,Groceries,7709.93
TXN01231,AP0910,2024-02-15,Big Bazaar,Shopping,43586.8
TXN01232,AP0017,2024-08-07,Uber,Entertainment,10755.09
TXN01233,AP0787,2024-05-21,Ola,Groceries,33465.23
TXN01234,AP0695,2025-03-16,IRCTC,Dining,19943.38
TXN01235,AP0987,2024-04-06,Myntra,Groceries,35488.86
TXN01236,AP0750,2024-12-08,Swiggy,Travel,41287.09
TXN01237,AP0644,2024-10-31,Myntra,Entertainment,4404.22
TXN01238,AP0611,2023-01-01,Swiggy,Utilities,2741.1
TXN01239,AP0073,2023-01-30,Zomato,Utilities,21168.23
TXN01240,AP0328,2023-07-31,Ola,Utilities,17358.46
TXN01241,AP0278,2023-02-02,Uber,Groceries,44265.97
TXN01242,AP0387,2024-12-28,Big Bazaar,Utilities,17894.53
TXN01243,AP0760,2023-11-30,Swiggy,Entertainment,27480.24
TXN01244,AP0940,2023-12-10,Uber,Entertainment,45333.98
TXN01245,AP0628,2024-05-15,Myntra,Shopping,17959.09
TXN01246,AP0026,2023-05-27,Big Bazaar,Dining,49189.92
TXN01247,AP0756,2023-02-07,Zomato,Dining,27135.84
TXN01248,AP0892,2024-02-29,Myntra,Utilities,1379.32
TXN01249,AP0504,2023-07-30,Big Bazaar,Dining,34304.99
TXN01250,AP0526,2023-10-05,MakeMyTrip,Shopping,16669.28
TXN01251,AP0864,2023-07-21,MakeMyTrip,Utilities,49615.55
TXN01252,AP0818,2023-11-15,Swiggy,Entertainment,37963.37
TXN01253,AP0497,2023-05-27,Myntra,Utilities,39580.14
TXN01254,AP0350,2024-08-20,Myntra,Groceries,49737.95
TXN01255,AP0801,2024-03-29,Flipkart,Utilities,44337.69
TXN01256,AP0749,2023-03-21,Zomato,Groceries,29266.53
TXN01257,AP0386,2024-11-28,Ola,Shopping,19202.89
TXN01258,AP0255,2023-03-20,IRCTC,Shopping,42059.69
TXN01259,AP0271,2024-02-04,Zomato,Groceries,24002.53
TXN01260,AP0643,2023-06-23,Big Bazaar,Utilities,23188.58
TXN01261,AP0374,2024-02-19,Zomato,Utilities,25456.91
TXN01262,AP0970,2025-01-14,Flipkart,Entertainment,3065.72
TXN01263,AP0345,2024-07-26,Big Bazaar,Shopping,13650.34
TXN01264,AP0031,2024-08-12,Zomato,Groceries,38102.48
TXN01265,AP0782,2024-10-03,Zomato,Dining,21379.18
TXN01266,AP0225,2023-10-09,MakeMyTrip,Shopping,37849.48
TXN01267,AP0261,2023-09-01,Swiggy,Shopping,29227.9
TXN01268,AP0976,2023-06-30,Ola,Dining,23435.69
TXN01269,AP0525,2023-11-18,Big Bazaar,Travel,21583.06
TXN01270,AP0691,2024-05-11,Flipkart,Utilities,42171.82
TXN01271,AP0526,2025-02-03,Uber,Travel,40345.21
TXN01272,AP0010,2024-10-16,MakeMyTrip,Travel,48053.67
TXN01273,AP0130,2024-03-07,Amazon,Travel,7834.64
TXN01274,AP0072,2024-02-27,MakeMyTrip,Groceries,20343.0
TXN01275,AP0499,2024-11-18,MakeMyTrip,Groceries,11253.3
TXN01276,AP0301,2024-06-17,Swiggy,Entertainment,23202.7
TXN01277,AP0908,2025-01-22,Swiggy,Travel,33967.43
TXN01278,AP0433,2024-05-05,Ola,Shopping,11681.64
TXN01279,AP0502,2025-03-09,MakeMyTrip,Dining,22140.51
TXN01280,AP0976,2023-02-21,Swiggy,Shopping,1440.28
TXN01281,AP0891,2023-02-21,Big Bazaar,Shopping,46419.81
TXN01282,AP0948,2023-10-17,IRCTC,Utilities,8277.05
TXN01283,AP0304,2025-02-27,Big Bazaar,Travel,14201.36
TXN01284,AP0823,2023-07-01,Ola,Utilities,43943.06
TXN01285,AP0011,2023-08-25,Ola,Utilities,12625.24
TXN01286,AP0995,2024-08-04,Swiggy,Shopping,21781.87
TXN01287,AP0208,2025-02-10,Zomato,Utilities,42992.95
TXN01288,AP0115,2023-08-06,Amazon,Dining,2372.66
TXN01289,AP0280,2025-03-29,Flipkart,Travel,11851.77
TXN01290,AP0289,2024-08-20,Big Bazaar,Dining,49153.01
TXN01291,AP0856,2024-09-14,Swiggy,Travel,22887.83
TXN01292,AP0206,2024-05-10,Swiggy,Utilities,34174.2
TXN01293,AP0534,2025-02-25,Uber,Entertainment,14124.29
TXN01294,AP0710,2025-03-03,Ola,Utilities,13524.86
TXN01295,AP0862,2024-04-30,IRCTC,Shopping,15357.93
TXN01296,AP0594,2024-04-23,Myntra,Shopping,8155.97
TXN01297,AP0231,2024-01-22,IRCTC,Utilities,42561.86
TXN01298,AP0954,2024-07-30,Ola,Dining,3742.64
TXN01299,AP0228,2023-05-15,Big Bazaar,Entertainment,43000.22
TXN01300,AP0634,2023-02-19,Ola,Shopping,4261.41
TXN01301,AP0573,2024-09-30,MakeMyTrip,Utilities,3172.84
TXN01302,AP0756,2024-01-07,Zomato,Shopping,10409.43
TXN01303,AP0777,2023-09-14,Uber,Entertainment,39333.34
TXN01304,AP0128,2023-09-14,Uber,Travel,8822.76
TXN01305,AP0791,2024-01-19,Myntra,Shopping,894.78
TXN01306,AP0706,2024-03-14,Zomato,Entertainment,17610.3
TXN01307,AP0593,2025-01-30,Ola,Groceries,45339.9
TXN01308,AP0053,2025-03-28,MakeMyTrip,Travel,29599.88
TXN01309,AP0972,2025-01-28,Ola,Dining,38159.47
TXN01310,AP0103,2024-01-10,Zomato,Dining,36705.59
TXN01311,AP0984,2025-03-22,Zomato,Entertainment,42437.78
TXN01312,AP0137,2023-09-20,Uber,Shopping,40684.51
TXN01313,AP0607,2023-04-25,Zomato,Entertainment,46226.57
TXN01314,AP0430,2025-03-27,Swiggy,Shopping,14083.69
TXN01315,AP0622,2023-03-27,IRCTC,Dining,4187.25
TXN01316,AP0886,2023-06-03,Ola,Entertainment,30066.86
TXN01317,AP0757,2024-07-02,Myntra,Groceries,19566.14
TXN01318,AP0097,2024-02-05,Ola,Travel,20641.08
TXN01319,AP0387,2023-12-25,Uber,Travel,32183.29
TXN01320,AP0516,2023-08-10,Ola,Utilities,33706.01
TXN01321,AP0651,2024-01-17,Swiggy,Dining,3821.14
TXN01322,AP0756,2024-07-12,Zomato,Entertainment,26086.07
TXN01323,AP0652,2024-09-05,Myntra,Entertainment,7077.71
TXN01324,AP0544,2023-12-17,IRCTC,Utilities,22414.4
TXN01325,AP0816,2023-07-01,Uber,Dining,25938.72
TXN01326,AP0203,2023-03-22,Uber,Utilities,28456.23
TXN01327,AP0590,2024-09-18,Swiggy,Entertainment,49625.41
TXN01328,AP0241,2025-01-02,Uber,Entertainment,13978.63
TXN01329,AP0548,2023-01-23,Myntra,Dining,23442.29
TXN01330,AP0467,2023-05-25,Big Bazaar,Travel,6122.17
TXN01331,AP0239,2023-10-14,Ola,Dining,10764.03
TXN01332,AP0599,2023-08-29,Zomato,Travel,1082.15
TXN01333,AP0165,2024-08-31,Big Bazaar,Utilities,25228.48
TXN01334,AP0829,2023-08-16,Flipkart,Dining,5798.77
TXN01335,AP0339,2023-05-05,Uber,Shopping,30258.25
TXN01336,AP0646,2024-10-28,IRCTC,Travel,45400.74
TXN01337,AP0567,2024-04-29,Big Bazaar,Utilities,45777.91
TXN01338,AP0920,2024-04-05,Amazon,Utilities,29390.1
TXN01339,AP0316,2023-12-24,Amazon,Dining,41074.43
TXN01340,AP0214,2025-02-11,Swiggy,Travel,7077.24
TXN01341,AP0579,2024-07-26,Uber,Travel,13333.44
TXN01342,AP0105,2024-11-26,Amazon,Shopping,41901.46
TXN01343,AP0900,2024-06-05,Myntra,Utilities,12309.75
TXN01344,AP0155,2025-01-01,Uber,Utilities,1656.3
TXN01345,AP0106,2023-09-05,Uber,Dining,8352.45
TXN01346,AP0362,2025-02-03,Ola,Utilities,27356.61
TXN01347,AP0293,2023-08-25,Big Bazaar,Groceries,14930.43
TXN01348,AP0047,2023-06-20,Ola,Dining,46591.84
TXN01349,AP0280,2024-10-12,Flipkart,Groceries,47505.13
TXN01350,AP0602,2024-05-28,Amazon,Travel,47306.89
TXN01351,AP0009,2023-01-08,Swiggy,Travel,49355.44
TXN01352,AP0484,2023-07-02,Big Bazaar,Entertainment,37959.79
TXN01353,AP0528,2024-06-08,Uber,Shopping,17059.7
TXN01354,AP0117,2024-05-13,IRCTC,Shopping,18788.42
TXN01355,AP0692,2025-02-18,Zomato,Entertainment,18551.05
TXN01356,AP0726,2023-08-22,Big Bazaar,Shopping,41883.2
TXN01357,AP0034,2023-09-09,Myntra,Entertainment,21158.07
TXN01358,AP0141,2023-08-30,Amazon,Dining,44378.11
TXN01359,AP0259,2025-01-16,Myntra,Dining,514.26
TXN01360,AP0811,2023-07-25,Ola,Shopping,14990.34
TXN01361,AP0517,2023-11-11,Uber,Utilities,18099.42
TXN01362,AP0052,2023-12-05,Myntra,Utilities,31371.97
TXN01363,AP0367,2023-07-16,Swiggy,Groceries,24565.87
TXN01364,AP0496,2024-04-27,Amazon,Groceries,41892.08
TXN01365,AP0864,2023-11-20,Swiggy,Entertainment,33693.16
TXN01366,AP0357,2024-06-22,Amazon,Shopping,11141.91
TXN01367,AP0551,2024-07-27,Amazon,Dining,46286.5
TXN01368,AP0273,2025-01-28,Uber,Dining,21823.47
TXN01369,AP0019,2024-04-04,Myntra,Dining,21728.08
TXN01370,AP0296,2024-07-12,Uber,Groceries,32829.06
TXN01371,AP0997,2023-12-15,Big Bazaar,Entertainment,13039.34
TXN01372,AP0943,2024-09-08,Ola,Entertainment,17229.3
TXN01373,AP0628,2024-12-23,Flipkart,Dining,21448.74
TXN01374,AP0419,2023-07-03,Flipkart,Dining,13589.31
TXN01375,AP0406,2023-03-01,Zomato,Dining,39372.65
TXN01376,AP0941,2024-10-08,Big Bazaar,Groceries,13593.54
TXN01377,AP0080,2024-01-21,Flipkart,Travel,31954.02
TXN01378,AP0683,2024-12-24,Big Bazaar,Shopping,954.12
TXN01379,AP0091,2023-05-14,MakeMyTrip,Groceries,25010.71
TXN01380,AP0206,2023-10-10,Swiggy,Groceries,3866.55
TXN01381,AP0828,2025-02-09,Myntra,Utilities,2071.04
TXN01382,AP0256,2024-09-19,Swiggy,Dining,42310.56
TXN01383,AP0588,2023-08-30,Amazon,Travel,49627.63
TXN01384,AP0006,2024-12-14,Uber,Groceries,42138.92
TXN01385,AP0260,2023-01-22,IRCTC,Utilities,35080.02
TXN01386,AP0975,2023-10-18,Myntra,Groceries,2168.11
TXN01387,AP0625,2024-06-28,Uber,Shopping,1891.8
TXN01388,AP0761,2024-08-23,Big Bazaar,Shopping,46030.91
TXN01389,AP0225,2023-05-15,IRCTC,Entertainment,18435.28
TXN01390,AP0935,2023-07-04,Myntra,Utilities,10817.5
TXN01391,AP0637,2023-09-28,Flipkart,Entertainment,13558.13
TXN01392,AP0990,2023-11-23,Myntra,Utilities,42443.25
TXN01393,AP0458,2024-05-25,Big Bazaar,Shopping,35282.24
TXN01394,AP0830,2023-09-10,Uber,Shopping,29731.52
TXN01395,AP0145,2024-10-08,Myntra,Shopping,5506.7
TXN01396,AP0915,2024-05-19,Amazon,Shopping,14433.43
TXN01397,AP0352,2025-01-29,Ola,Utilities,44080.74
TXN01398,AP0047,2023-12-26,IRCTC,Groceries,28453.83
TXN01399,AP0300,2024-03-28,Myntra,Dining,28829.02
TXN01400,AP0414,2024-09-16,Myntra,Groceries,20014.64
TXN01401,AP0124,2024-12-09,IRCTC,Groceries,24709.94
TXN01402,AP0652,2023-04-25,Zomato,Dining,49060.93
TXN01403,AP0402,2023-01-27,Ola,Travel,28250.25
TXN01404,AP0569,2024-12-07,Big Bazaar,Groceries,11849.85
TXN01405,AP0220,2023-08-18,Zomato,Shopping,30185.88
TXN01406,AP0679,2024-10-20,IRCTC,Travel,10509.87
TXN01407,AP0652,2023-01-13,Myntra,Entertainment,6974.03
TXN01408,AP0059,2024-07-24,MakeMyTrip,Utilities,2935.22
TXN01409,AP0214,2024-02-13,Ola,Dining,37976.16
TXN01410,AP0291,2023-11-10,MakeMyTrip,Travel,29622.85
TXN01411,AP0248,2023-05-23,Flipkart,Travel,41155.05
TXN01412,AP0060,2023-11-07,IRCTC,Shopping,33927.55
TXN01413,AP0193,2023-09-08,IRCTC,Dining,14394.07
TXN01414,AP0078,2023-01-22,Uber,Dining,15638.53
TXN01415,AP0679,2024-12-14,Myntra,Shopping,39134.66
TXN01416,AP0431,2023-11-23,IRCTC,Travel,11967.77
TXN01417,AP0923,2025-03-19,Uber,Travel,182.99
TXN01418,AP0911,2024-09-23,IRCTC,Entertainment,44362.52
TXN01419,AP0740,2025-03-29,MakeMyTrip,Groceries,23336.02
TXN01420,AP0897,2024-07-29,MakeMyTrip,Shopping,32427.85
TXN01421,AP0569,2023-10-19,Big Bazaar,Utilities,16060.8
TXN01422,AP0506,2024-07-30,MakeMyTrip,Shopping,12698.56
TXN01423,AP0977,2023-10-07,Big Bazaar,Groceries,668.81
TXN01424,AP0422,2023-11-13,Amazon,Utilities,46091.65
TXN01425,AP0443,2023-06-21,MakeMyTrip,Groceries,36192.83
TXN01426,AP0885,2023-05-08,Ola,Travel,49821.88
TXN01427,AP0149,2023-10-03,IRCTC,Entertainment,13803.31
TXN01428,AP0971,2024-02-03,IRCTC,Groceries,43027.02
TXN01429,AP0705,2025-03-20,Big Bazaar,Travel,3661.83
TXN01430,AP0989,2023-05-04,Big Bazaar,Utilities,43167.91
TXN01431,AP0342,2024-08-06,Big Bazaar,Dining,29171.79
TXN01432,AP0967,2023-08-27,Amazon,Entertainment,3901.59
TXN01433,AP0463,2023-03-02,Uber,Dining,16562.97
TXN01434,AP0078,2023-05-15,Uber,Shopping,42822.72
TXN01435,AP0262,2024-05-29,Ola,Entertainment,41062.49
TXN01436,AP0588,2024-11-04,IRCTC,Utilities,34004.29
TXN01437,AP0747,2024-05-29,Zomato,Dining,7078.23
TXN01438,AP0866,2023-09-13,Zomato,Utilities,26437.98
TXN01439,AP0215,2024-09-20,Uber,Entertainment,16599.63
TXN01440,AP0853,2023-09-23,Ola,Utilities,7229.82
TXN01441,AP0085,2024-06-12,Flipkart,Travel,10011.11
TXN01442,AP0210,2024-10-21,Big Bazaar,Travel,22977.9
TXN01443,AP0703,2025-03-13,Big Bazaar,Travel,27986.73
TXN01444,AP0141,2023-04-27,Amazon,Entertainment,6455.52
TXN01445,AP0324,2023-11-05,Ola,Groceries,39011.87
TXN01446,AP0698,2025-01-21,IRCTC,Shopping,43152.21
TXN01447,AP0079,2025-03-08,Swiggy,Utilities,6119.49
TXN01448,AP0387,2023-06-28,MakeMyTrip,Utilities,5031.74
TXN01449,AP0628,2025-01-14,Flipkart,Utilities,35270.35
TXN01450,AP0406,2024-11-01,Ola,Dining,42824.97
TXN01451,AP0187,2024-08-27,MakeMyTrip,Shopping,20210.84
TXN01452,AP0142,2024-11-29,Uber,Utilities,10553.02
TXN01453,AP0416,2023-06-09,Amazon,Travel,46727.35
TXN01454,AP0120,2023-10-25,Zomato,Shopping,45275.42
TXN01455,AP0375,2024-01-28,MakeMyTrip,Dining,34221.34
TXN01456,AP0242,2023-02-11,Uber,Groceries,44779.55
TXN01457,AP0886,2023-08-11,Uber,Travel,11187.63
TXN01458,AP0463,2025-01-27,Uber,Travel,33935.6
TXN01459,AP0371,2023-06-09,Swiggy,Groceries,4314.7
TXN01460,AP0120,2023-08-05,Swiggy,Utilities,10656.44
TXN01461,AP0683,2023-05-28,Ola,Entertainment,24623.25
TXN01462,AP0810,2024-01-29,Flipkart,Travel,41914.55
TXN01463,AP0483,2024-01-27,Ola,Travel,25560.04
TXN01464,AP0147,2024-09-15,Uber,Groceries,26872.14
TXN01465,AP0517,2024-12-23,Amazon,Shopping,40682.38
TXN01466,AP0159,2023-07-13,Swiggy,Dining,25394.2
TXN01467,AP0239,2024-07-16,Ola,Dining,48968.43
TXN01468,AP0626,2025-03-03,MakeMyTrip,Entertainment,974.81
TXN01469,AP0934,2024-01-07,Ola,Travel,11820.86
TXN01470,AP0273,2024-02-20,MakeMyTrip,Travel,12038.98
TXN01471,AP0881,2023-03-14,MakeMyTrip,Groceries,37701.12
TXN01472,AP0309,2023-12-18,Flipkart,Dining,35481.52
TXN01473,AP0251,2025-02-06,IRCTC,Shopping,7906.82
TXN01474,AP0100,2025-02-05,IRCTC,Travel,49432.15
TXN01475,AP0563,2023-07-19,Uber,Shopping,27979.31
TXN01476,AP0581,2023-07-25,Myntra,Dining,43092.4
TXN01477,AP0911,2023-11-24,IRCTC,Shopping,41418.12
TXN01478,AP0548,2023-02-20,Swiggy,Travel,25096.76
TXN01479,AP0879,2025-02-27,Myntra,Entertainment,24460.46
TXN01480,AP0017,2024-11-09,Flipkart,Travel,46061.06
TXN01481,AP0338,2023-10-10,Flipkart,Utilities,19863.76
TXN01482,AP0082,2024-09-15,Amazon,Travel,1590.52
TXN01483,AP0990,2023-06-10,Zomato,Shopping,45055.22
TXN01484,AP0092,2024-07-12,Zomato,Groceries,11012.79
TXN01485,AP0030,2024-08-05,Amazon,Dining,34962.66
TXN01486,AP0900,2023-02-19,Amazon,Travel,47602.85
TXN01487,AP0350,2023-01-21,MakeMyTrip,Shopping,40311.57
TXN01488,AP0427,2023-10-03,Amazon,Groceries,47380.3
TXN01489,AP0377,2024-02-15,Ola,Dining,37854.52
TXN01490,AP0911,2024-12-16,Flipkart,Utilities,30333.62
TXN01491,AP0255,2023-10-04,Flipkart,Dining,31170.87
TXN01492,AP0688,2024-02-19,Uber,Travel,3646.64
TXN01493,AP0184,2023-07-18,MakeMyTrip,Entertainment,38527.18
TXN01494,AP0907,2023-12-28,Uber,Shopping,44684.68
TXN01495,AP0232,2024-10-06,Flipkart,Shopping,35449.28
TXN01496,AP0591,2023-11-15,Zomato,Groceries,33423.74
TXN01497,AP0960,2024-09-11,IRCTC,Shopping,8480.59
TXN01498,AP0865,2023-09-26,Amazon,Dining,32612.56
TXN01499,AP0789,2023-11-01,Swiggy,Utilities,32829.21
TXN01500,AP0736,2025-03-25,Amazon,Utilities,41466.47
TXN01501,AP0551,2024-11-08,MakeMyTrip,Dining,49774.5
TXN01502,AP0495,2023-06-20,Myntra,Dining,38352.97
TXN01503,AP0151,2024-05-19,Amazon,Groceries,10407.37
TXN01504,AP0380,2024-06-16,Ola,Groceries,41652.88
TXN01505,AP0778,2024-03-02,Uber,Dining,46421.01
TXN01506,AP0604,2024-12-20,MakeMyTrip,Groceries,43541.92
TXN01507,AP0726,2023-02-22,Flipkart,Utilities,33816.79
TXN01508,AP0002,2025-02-11,MakeMyTrip,Groceries,24492.34
TXN01509,AP0149,2024-09-07,MakeMyTrip,Utilities,1009.89
TXN01510,AP0361,2025-03-13,Zomato,Groceries,14496.12
TXN01511,AP0413,2024-12-19,Amazon,Groceries,11581.11
TXN01512,AP0943,2024-07-08,Swiggy,Dining,16130.8
TXN01513,AP0795,2023-06-04,IRCTC,Shopping,33780.9
TXN01514,AP0593,2024-03-01,IRCTC,Utilities,35333.36
TXN01515,AP0174,2024-05-19,Myntra,Groceries,26668.83
TXN01516,AP0238,2023-01-20,Ola,Shopping,22692.51
TXN01517,AP0250,2023-03-22,Ola,Shopping,6893.0
TXN01518,AP0677,2024-04-14,Amazon,Shopping,22605.71
TXN01519,AP0529,2023-10-10,Big Bazaar,Dining,776.91
TXN01520,AP0724,2023-06-27,Flipkart,Entertainment,49685.59
TXN01521,AP0927,2025-01-01,Myntra,Shopping,10342.62
TXN01522,AP0381,2024-04-14,MakeMyTrip,Dining,29007.6
TXN01523,AP0132,2025-03-04,Flipkart,Travel,42507.48
TXN01524,AP0599,2024-07-22,IRCTC,Utilities,28195.9
TXN01525,AP0701,2024-05-27,Ola,Utilities,10232.96
TXN01526,AP0189,2023-03-09,Big Bazaar,Shopping,4876.03
TXN01527,AP0042,2025-03-23,Uber,Groceries,37445.13
TXN01528,AP0962,2023-12-19,Amazon,Travel,33874.96
TXN01529,AP0914,2023-01-21,Swiggy,Dining,4822.75
TXN01530,AP0365,2024-08-13,Zomato,Shopping,1027.19
TXN01531,AP0850,2024-07-20,Myntra,Utilities,3963.4
TXN01532,AP0316,2023-06-26,Amazon,Utilities,20733.13
TXN01533,AP0035,2024-09-19,Ola,Dining,29101.39
TXN01534,AP0647,2024-01-21,IRCTC,Groceries,14489.26
TXN01535,AP0407,2023-08-28,Swiggy,Groceries,26394.66
TXN01536,AP0170,2023-06-13,Flipkart,Groceries,25691.44
TXN01537,AP0526,2024-06-02,Swiggy,Entertainment,12316.32
TXN01538,AP0140,2023-01-03,Flipkart,Travel,13909.49
TXN01539,AP0715,2023-06-21,Big Bazaar,Travel,36915.36
TXN01540,AP0250,2024-01-20,MakeMyTrip,Utilities,42093.0
TXN01541,AP0650,2024-06-19,IRCTC,Travel,49163.78
TXN01542,AP0579,2024-07-26,Ola,Travel,43223.84
TXN01543,AP0385,2023-04-14,Flipkart,Utilities,15449.75
TXN01544,AP0518,2024-07-16,Swiggy,Utilities,16191.42
TXN01545,AP0851,2023-12-02,Myntra,Groceries,19410.21
TXN01546,AP0589,2025-01-14,IRCTC,Travel,41795.75
TXN01547,AP0249,2023-01-19,Ola,Dining,2539.0
TXN01548,AP0796,2024-04-12,MakeMyTrip,Groceries,37244.31
TXN01549,AP0650,2023-08-05,Ola,Dining,22536.84
TXN01550,AP0445,2024-11-12,Uber,Shopping,36323.34
TXN01551,AP0773,2024-12-04,IRCTC,Shopping,10390.64
TXN01552,AP0423,2024-02-29,Ola,Shopping,27668.48
TXN01553,AP0425,2024-03-21,Big Bazaar,Travel,13746.78
TXN01554,AP0108,2024-03-11,Swiggy,Utilities,9640.92
TXN01555,AP0097,2023-05-19,Big Bazaar,Shopping,16816.65
TXN01556,AP0304,2023-09-23,Uber,Utilities,3373.01
TXN01557,AP0277,2023-06-29,Flipkart,Entertainment,35059.56
TXN01558,AP0955,2023-07-16,Swiggy,Utilities,45546.15
TXN01559,AP0965,2023-12-02,Swiggy,Entertainment,39562.94
TXN01560,AP0135,2024-11-18,Flipkart,Entertainment,31472.41
TXN01561,AP0102,2023-04-22,IRCTC,Entertainment,47948.43
TXN01562,AP0748,2024-11-06,Ola,Groceries,15562.13
TXN01563,AP0709,2024-11-04,Ola,Utilities,17488.41
TXN01564,AP0461,2023-10-04,Ola,Travel,31473.68
TXN01565,AP0073,2023-11-26,Big Bazaar,Entertainment,29408.88
TXN01566,AP0021,2024-12-16,Uber,Shopping,333.2
TXN01567,AP0773,2023-03-08,Ola,Shopping,40830.08
TXN01568,AP0015,2024-08-02,MakeMyTrip,Travel,46706.29
TXN01569,AP0441,2024-07-14,Zomato,Utilities,46097.2
TXN01570,AP0698,2023-09-25,Amazon,Shopping,37441.8
TXN01571,AP0789,2023-07-11,IRCTC,Shopping,11444.72
TXN01572,AP0392,2024-03-13,Uber,Travel,7945.82
TXN01573,AP0803,2023-12-20,Zomato,Groceries,9019.35
TXN01574,AP0278,2023-10-04,Swiggy,Shopping,1280.53
TXN01575,AP0394,2024-12-04,Amazon,Travel,14238.92
TXN01576,AP0770,2024-07-19,Flipkart,Utilities,27085.0
TXN01577,AP0123,2025-01-08,Flipkart,Groceries,26583.22
TXN01578,AP0497,2023-01-03,IRCTC,Dining,38515.16
TXN01579,AP0005,2023-01-25,Amazon,Utilities,13347.29
TXN01580,AP0027,2023-04-08,Big Bazaar,Utilities,46742.97
TXN01581,AP0510,2023-04-08,Flipkart,Travel,42853.16
TXN01582,AP0260,2024-04-10,Zomato,Utilities,5100.5
TXN01583,AP0632,2025-01-13,Myntra,Dining,43224.68
TXN01584,AP0183,2023-04-19,Amazon,Entertainment,40423.78
TXN01585,AP0212,2025-03-03,Swiggy,Groceries,18910.88
TXN01586,AP0860,2024-09-09,Myntra,Shopping,46040.66
TXN01587,AP0539,2024-12-08,Ola,Utilities,44778.55
TXN01588,AP0043,2023-02-03,IRCTC,Dining,49140.64
TXN01589,AP0024,2023-05-25,IRCTC,Utilities,22412.26
TXN01590,AP0721,2024-11-20,Zomato,Entertainment,15016.75
TXN01591,AP0427,2023-05-05,Flipkart,Travel,8176.61
TXN01592,AP0887,2025-03-09,Myntra,Shopping,18859.43
TXN01593,AP0119,2024-03-19,Big Bazaar,Utilities,43375.59
TXN01594,AP0827,2024-10-31,IRCTC,Dining,44748.67
TXN01595,AP0899,2023-04-14,Big Bazaar,Travel,19426.39
TXN01596,AP0941,2023-12-07,Big Bazaar,Dining,47473.66
TXN01597,AP0144,2023-03-18,Uber,Dining,39492.48
TXN01598,AP0247,2024-03-22,Zomato,Travel,28768.66
TXN01599,AP0266,2024-09-06,Ola,Dining,7826.97
TXN01600,AP0761,2024-09-23,Zomato,Groceries,15100.71
TXN01601,AP0431,2023-09-21,Big Bazaar,Utilities,45409.53
TXN01602,AP0589,2024-03-16,Myntra,Entertainment,19583.0
TXN01603,AP0420,2024-12-15,Uber,Utilities,20504.69
TXN01604,AP0791,2023-06-01,Uber,Groceries,49884.28
TXN01605,AP0490,2024-02-16,Amazon,Travel,43831.68
TXN01606,AP0885,2023-12-31,Swiggy,Shopping,31303.94
TXN01607,AP0065,2024-06-01,Uber,Entertainment,1565.63
TXN01608,AP0383,2024-02-02,Myntra,Utilities,25638.99
TXN01609,AP0335,2024-12-22,Big Bazaar,Travel,11586.3
TXN01610,AP0938,2024-07-12,Zomato,Dining,3189.2
TXN01611,AP0651,2023-08-31,Zomato,Entertainment,30913.39
TXN01612,AP0014,2024-07-07,Amazon,Utilities,12036.98
TXN01613,AP0450,2023-02-27,Zomato,Utilities,7778.0
TXN01614,AP0945,2023-09-21,Amazon,Entertainment,6425.12
TXN01615,AP0034,2025-03-19,Myntra,Travel,24973.16
TXN01616,AP0270,2023-09-11,Ola,Groceries,25121.94
TXN01617,AP0516,2023-07-24,IRCTC,Groceries,43644.47
TXN01618,AP0189,2024-12-20,Swiggy,Entertainment,24214.22
TXN01619,AP0854,2024-06-04,Flipkart,Dining,20054.69
TXN01620,AP0847,2024-02-19,Flipkart,Entertainment,33521.26
TXN01621,AP0048,2024-02-11,MakeMyTrip,Utilities,4251.34
TXN01622,AP0322,2024-06-30,Uber,Travel,1945.2
TXN01623,AP0132,2023-12-15,MakeMyTrip,Utilities,32308.55
TXN01624,AP0689,2023-03-04,IRCTC,Groceries,20813.01
TXN01625,AP0894,2023-05-09,MakeMyTrip,Travel,12741.79
TXN01626,AP0175,2024-12-14,Ola,Shopping,35487.98
TXN01627,AP0098,2023-01-21,Myntra,Travel,29108.04
TXN01628,AP0365,2023-03-01,MakeMyTrip,Travel,13099.8
TXN01629,AP0707,2024-08-20,MakeMyTrip,Entertainment,12604.1
TXN01630,AP0760,2024-12-17,Zomato,Travel,46138.34
TXN01631,AP0161,2023-08-12,Amazon,Dining,19782.65
TXN01632,AP0344,2023-10-07,Big Bazaar,Utilities,26563.63
TXN01633,AP0019,2024-10-31,Amazon,Groceries,48528.63
TXN01634,AP0315,2024-01-26,MakeMyTrip,Groceries,27854.16
TXN01635,AP0216,2024-10-15,Swiggy,Shopping,21360.72
TXN01636,AP0404,2024-12-27,Myntra,Groceries,34846.17
TXN01637,AP0273,2023-08-13,Big Bazaar,Shopping,30849.09
TXN01638,AP0540,2024-04-04,Big Bazaar,Dining,14104.89
TXN01639,AP0504,2023-05-29,Big Bazaar,Groceries,31362.17
TXN01640,AP0039,2024-09-30,Uber,Entertainment,49152.49
TXN01641,AP0592,2024-03-19,Swiggy,Travel,46693.85
TXN01642,AP0555,2023-04-07,IRCTC,Shopping,6728.66
TXN01643,AP0935,2023-01-15,IRCTC,Groceries,19903.21
TXN01644,AP0936,2023-08-31,Swiggy,Utilities,16085.05
TXN01645,AP0799,2025-03-16,Amazon,Utilities,19244.75
TXN01646,AP0099,2023-04-01,MakeMyTrip,Groceries,9110.38
TXN01647,AP0563,2024-04-06,MakeMyTrip,Dining,37372.49
TXN01648,AP0937,2023-10-16,Flipkart,Groceries,23289.3
TXN01649,AP0725,2024-10-22,Swiggy,Shopping,36637.27
TXN01650,AP0838,2024-01-27,Zomato,Utilities,18074.87
TXN01651,AP0986,2024-10-13,Zomato,Shopping,32337.86
TXN01652,AP0498,2023-01-03,Uber,Utilities,13816.62
TXN01653,AP0204,2024-05-14,Myntra,Dining,33304.94
TXN01654,AP0621,2024-09-26,IRCTC,Groceries,9935.48
TXN01655,AP0732,2023-12-03,Flipkart,Groceries,33305.07
TXN01656,AP0286,2023-05-21,Big Bazaar,Dining,13285.44
TXN01657,AP0784,2023-06-14,Swiggy,Entertainment,7474.32
TXN01658,AP0585,2023-10-17,Big Bazaar,Shopping,21504.12
TXN01659,AP0770,2024-03-14,Ola,Dining,20113.14
TXN01660,AP0048,2023-11-21,IRCTC,Entertainment,197.16
TXN01661,AP0598,2024-10-12,IRCTC,Entertainment,15368.2
TXN01662,AP0984,2023-10-24,Amazon,Utilities,23172.92
TXN01663,AP0589,2024-11-01,Amazon,Shopping,6635.38
TXN01664,AP0275,2023-04-30,IRCTC,Dining,19053.48
TXN01665,AP0412,2023-01-12,Zomato,Travel,28456.67
TXN01666,AP0250,2023-11-10,IRCTC,Utilities,38862.67
TXN01667,AP0204,2024-08-11,Big Bazaar,Shopping,1753.49
TXN01668,AP0108,2025-02-13,Zomato,Entertainment,13789.21
TXN01669,AP0932,2023-09-25,IRCTC,Entertainment,14194.06
TXN01670,AP0544,2023-06-30,Myntra,Dining,21782.13
TXN01671,AP0456,2023-12-14,Amazon,Entertainment,9813.68
TXN01672,AP0477,2023-08-26,IRCTC,Utilities,18543.21
TXN01673,AP0560,2024-12-22,Zomato,Travel,10021.95
TXN01674,AP0653,2023-03-25,IRCTC,Groceries,25715.58
TXN01675,AP0079,2024-07-27,Myntra,Travel,34818.74
TXN01676,AP0197,2024-11-30,Ola,Groceries,37591.15
TXN01677,AP0442,2023-08-16,Ola,Shopping,28082.02
TXN01678,AP0994,2023-10-16,Swiggy,Travel,41100.39
TXN01679,AP0216,2023-10-18,IRCTC,Utilities,22353.25
TXN01680,AP0099,2023-08-11,Amazon,Dining,1445.3
TXN01681,AP0610,2024-04-26,Zomato,Utilities,12444.97
TXN01682,AP0877,2024-04-02,Ola,Travel,18969.27
TXN01683,AP0121,2023-12-11,Uber,Entertainment,13934.26
TXN01684,AP0315,2023-11-12,Amazon,Groceries,39119.63
TXN01685,AP0237,2023-02-28,Big Bazaar,Entertainment,25010.55
TXN01686,AP0697,2025-01-18,Ola,Groceries,43436.49
TXN01687,AP0973,2023-04-14,MakeMyTrip,Entertainment,47423.44
TXN01688,AP0844,2023-10-29,Amazon,Dining,9995.8
TXN01689,AP0036,2025-03-10,Myntra,Groceries,30739.24
TXN01690,AP0989,2024-11-10,Zomato,Utilities,20138.69
TXN01691,AP0179,2023-04-20,Big Bazaar,Shopping,34452.57
TXN01692,AP0657,2023-01-02,Ola,Groceries,37196.96
TXN01693,AP0668,2025-01-25,Myntra,Entertainment,1093.9
TXN01694,AP0891,2023-07-16,Myntra,Utilities,258.17
TXN01695,AP0596,2024-12-13,Ola,Shopping,13129.32
TXN01696,AP0811,2024-02-12,Ola,Travel,38717.22
TXN01697,AP0516,2023-07-15,Flipkart,Shopping,25652.75
TXN01698,AP0543,2024-01-19,Myntra,Utilities,11046.37
TXN01699,AP0172,2024-12-19,Ola,Dining,28257.98
TXN01700,AP0696,2025-01-02,Ola,Dining,17021.22
TXN01701,AP0456,2023-12-29,Ola,Utilities,28407.27
TXN01702,AP0456,2023-03-30,Uber,Travel,37486.94
TXN01703,AP0481,2023-10-01,Amazon,Shopping,40160.08
TXN01704,AP0826,2024-03-24,Big Bazaar,Dining,16625.65
TXN01705,AP0514,2025-03-09,Ola,Utilities,15581.57
TXN01706,AP0821,2024-01-27,MakeMyTrip,Utilities,5181.02
TXN01707,AP0101,2024-09-20,Uber,Groceries,15233.53
TXN01708,AP0329,2024-03-30,Zomato,Shopping,27973.98
TXN01709,AP0158,2024-09-29,Swiggy,Shopping,26305.15
TXN01710,AP0924,2023-02-12,Amazon,Shopping,12537.66
TXN01711,AP0768,2025-02-27,Ola,Groceries,19388.08
TXN01712,AP0435,2024-12-02,Myntra,Entertainment,38825.35
TXN01713,AP0793,2024-07-03,MakeMyTrip,Groceries,9034.08
TXN01714,AP0032,2023-04-08,Uber,Entertainment,38901.9
TXN01715,AP0178,2024-06-16,Ola,Utilities,6779.42
TXN01716,AP0362,2024-06-24,Uber,Dining,40790.37
TXN01717,AP0822,2023-06-25,IRCTC,Dining,39086.12
TXN01718,AP0497,2024-07-19,Flipkart,Dining,36358.03
TXN01719,AP0711,2023-11-28,Uber,Utilities,18907.4
TXN01720,AP0319,2023-12-17,Big Bazaar,Entertainment,220.5
TXN01721,AP0348,2023-03-28,Flipkart,Groceries,3845.68
TXN01722,AP0521,2025-03-29,Uber,Groceries,27817.63
TXN01723,AP0853,2023-10-28,Uber,Entertainment,18577.55
TXN01724,AP0799,2024-04-05,Myntra,Travel,30447.15
TXN01725,AP0216,2023-09-26,Flipkart,Groceries,48432.82
TXN01726,AP0536,2024-12-22,MakeMyTrip,Entertainment,44673.49
TXN01727,AP0671,2024-06-18,Myntra,Entertainment,40628.35
TXN01728,AP0998,2023-12-15,MakeMyTrip,Groceries,9660.51
TXN01729,AP0034,2023-07-09,Amazon,Dining,28334.86
TXN01730,AP0890,2024-02-12,Flipkart,Utilities,2168.78
TXN01731,AP0106,2024-05-17,Amazon,Groceries,14141.58
TXN01732,AP0111,2023-07-10,Flipkart,Shopping,22617.15
TXN01733,AP0767,2024-08-10,Ola,Dining,28439.82
TXN01734,AP0520,2023-05-19,Zomato,Travel,20940.76
TXN01735,AP0607,2025-01-26,MakeMyTrip,Travel,44047.89
TXN01736,AP0785,2025-03-21,Flipkart,Utilities,23806.03
TXN01737,AP0313,2023-04-09,IRCTC,Entertainment,25562.0
TXN01738,AP0170,2024-03-13,Amazon,Entertainment,13050.52
TXN01739,AP0381,2023-08-03,Big Bazaar,Travel,42985.33
TXN01740,AP0471,2024-07-07,Swiggy,Entertainment,14131.62
TXN01741,AP0409,2024-10-12,MakeMyTrip,Entertainment,30097.41
TXN01742,AP0175,2024-04-15,Ola,Groceries,15753.68
TXN01743,AP0779,2023-04-23,IRCTC,Dining,44296.14
TXN01744,AP0884,2023-04-21,Uber,Utilities,15057.39
TXN01745,AP0801,2024-03-07,IRCTC,Dining,12889.88
TXN01746,AP0288,2023-03-31,IRCTC,Groceries,3013.58
TXN01747,AP0195,2023-03-30,MakeMyTrip,Dining,25256.69
TXN01748,AP0787,2023-11-26,Amazon,Utilities,16313.31
TXN01749,AP0570,2025-03-12,Big Bazaar,Dining,40679.65
TXN01750,AP0779,2024-04-27,Amazon,Utilities,34099.71
TXN01751,AP0154,2023-01-18,Swiggy,Travel,21492.11
TXN01752,AP0456,2024-12-06,MakeMyTrip,Shopping,17134.57
TXN01753,AP0534,2023-04-26,MakeMyTrip,Dining,8054.98
TXN01754,AP0505,2023-12-12,Zomato,Dining,15563.94
TXN01755,AP0048,2023-03-16,MakeMyTrip,Shopping,38085.67
TXN01756,AP0494,2024-01-10,Swiggy,Shopping,23699.21
TXN01757,AP0137,2023-06-13,Swiggy,Travel,33716.0
TXN01758,AP0973,2025-03-25,Big Bazaar,Entertainment,22464.86
TXN01759,AP0911,2024-11-24,Zomato,Utilities,8186.51
TXN01760,AP0107,2023-09-20,Myntra,Travel,8928.5
TXN01761,AP0352,2023-12-20,MakeMyTrip,Utilities,12373.91
TXN01762,AP0938,2023-04-27,Zomato,Utilities,13381.9
TXN01763,AP0562,2023-04-25,Amazon,Groceries,707.09
TXN01764,AP0157,2023-02-08,MakeMyTrip,Entertainment,29260.92
TXN01765,AP0842,2025-02-16,Zomato,Dining,20789.64
TXN01766,AP0228,2023-03-03,Zomato,Groceries,38926.9
TXN01767,AP0762,2023-02-10,IRCTC,Shopping,9965.3
TXN01768,AP0531,2023-07-21,Uber,Travel,26455.24
TXN01769,AP0110,2023-08-13,Ola,Entertainment,32833.74
TXN01770,AP0818,2024-11-09,Amazon,Shopping,39073.63
TXN01771,AP0178,2023-05-21,Zomato,Utilities,36151.47
TXN01772,AP0836,2024-04-07,Zomato,Utilities,26339.67
TXN01773,AP0135,2025-03-02,Big Bazaar,Groceries,14190.91
TXN01774,AP0547,2024-04-17,Zomato,Entertainment,5742.49
TXN01775,AP0881,2024-12-19,Uber,Shopping,6579.88
TXN01776,AP0159,2024-05-15,MakeMyTrip,Travel,30241.39
TXN01777,AP0562,2023-10-16,Swiggy,Entertainment,37760.35
TXN01778,AP0950,2025-02-28,Amazon,Travel,4172.6
TXN01779,AP0197,2024-04-30,Amazon,Utilities,11234.89
TXN01780,AP0720,2024-09-24,MakeMyTrip,Travel,28078.3
TXN01781,AP0826,2023-12-30,Amazon,Utilities,32354.81
TXN01782,AP0085,2025-03-24,MakeMyTrip,Entertainment,4883.4
TXN01783,AP0087,2023-08-22,Zomato,Utilities,11070.54
TXN01784,AP0595,2025-02-09,Big Bazaar,Dining,23653.34
TXN01785,AP0133,2023-08-13,Flipkart,Travel,38013.05
TXN01786,AP0759,2024-11-22,MakeMyTrip,Utilities,22072.2
TXN01787,AP0264,2023-05-10,Zomato,Travel,39860.74
TXN01788,AP0258,2025-04-01,Swiggy,Groceries,15310.42
TXN01789,AP0663,2023-10-30,Flipkart,Travel,11873.35
TXN01790,AP0939,2023-06-21,Swiggy,Groceries,42055.62
TXN01791,AP0252,2023-08-06,Uber,Utilities,5189.05
TXN01792,AP0973,2023-09-25,Big Bazaar,Utilities,15984.61
TXN01793,AP0701,2024-09-22,Uber,Shopping,4854.35
TXN01794,AP0568,2023-01-18,Ola,Entertainment,47348.7
TXN01795,AP0878,2023-09-18,Flipkart,Utilities,5417.14
TXN01796,AP0740,2023-12-27,Amazon,Shopping,20841.43
TXN01797,AP0855,2024-09-09,Flipkart,Travel,174.94
TXN01798,AP0256,2024-08-30,MakeMyTrip,Shopping,32518.72
TXN01799,AP0019,2023-07-12,Myntra,Shopping,12653.01
TXN01800,AP0602,2023-01-23,Uber,Dining,38320.84
TXN01801,AP0755,2024-08-25,Zomato,Groceries,17728.88
TXN01802,AP0113,2024-07-21,Uber,Travel,14527.26
TXN01803,AP0724,2024-08-02,Swiggy,Utilities,41980.55
TXN01804,AP0653,2023-11-01,Uber,Entertainment,30101.65
TXN01805,AP0403,2024-05-20,Myntra,Entertainment,33663.93
TXN01806,AP0349,2023-03-30,Uber,Utilities,39077.73
TXN01807,AP0164,2023-10-30,MakeMyTrip,Dining,175.81
TXN01808,AP0540,2024-04-10,Myntra,Travel,44416.1
TXN01809,AP0547,2023-07-31,Uber,Groceries,42485.33
TXN01810,AP0371,2023-08-07,Ola,Entertainment,44894.46
TXN01811,AP0178,2023-01-20,Uber,Groceries,44304.43
TXN01812,AP0163,2023-02-10,Big Bazaar,Travel,21848.99
TXN01813,AP0157,2024-04-15,IRCTC,Utilities,14027.84
TXN01814,AP0259,2024-05-12,MakeMyTrip,Shopping,19327.77
TXN01815,AP0588,2025-02-18,Amazon,Travel,26115.58
TXN01816,AP0445,2023-12-02,Ola,Dining,9113.34
TXN01817,AP0369,2025-02-12,IRCTC,Dining,10259.65
TXN01818,AP0891,2025-02-20,MakeMyTrip,Travel,45318.26
TXN01819,AP0633,2024-06-05,Ola,Travel,6275.58
TXN01820,AP0975,2023-05-10,Ola,Shopping,30519.72
TXN01821,AP0929,2024-06-07,Flipkart,Travel,21645.22
TXN01822,AP0995,2023-12-28,Flipkart,Shopping,32726.63
TXN01823,AP0486,2023-11-16,Big Bazaar,Entertainment,34939.24
TXN01824,AP0665,2023-11-15,Zomato,Shopping,24079.53
TXN01825,AP0628,2024-05-15,Ola,Utilities,4363.45
TXN01826,AP0153,2024-01-10,Swiggy,Utilities,425.02
TXN01827,AP0012,2023-07-10,Amazon,Entertainment,12897.99
TXN01828,AP0742,2023-01-07,MakeMyTrip,Travel,1528.58
TXN01829,AP0800,2023-04-02,MakeMyTrip,Groceries,9059.03
TXN01830,AP0176,2023-04-10,Uber,Dining,2243.11
TXN01831,AP0550,2023-04-11,MakeMyTrip,Travel,47833.32
TXN01832,AP0531,2023-12-21,Ola,Travel,29861.11
TXN01833,AP0944,2023-11-15,Ola,Travel,5368.99
TXN01834,AP0939,2023-07-21,Swiggy,Entertainment,23002.06
TXN01835,AP0408,2024-02-15,Uber,Entertainment,14294.02
TXN01836,AP0098,2023-05-14,Swiggy,Entertainment,4251.16
TXN01837,AP0151,2024-02-16,Flipkart,Shopping,28848.72
TXN01838,AP0159,2024-12-31,Amazon,Shopping,12505.83
TXN01839,AP0507,2024-03-25,Flipkart,Entertainment,41683.2
TXN01840,AP0942,2023-07-20,Zomato,Travel,47995.74
TXN01841,AP0446,2023-11-22,Zomato,Utilities,43747.01
TXN01842,AP0313,2025-01-27,Ola,Entertainment,8688.1
TXN01843,AP0233,2023-05-21,MakeMyTrip,Groceries,32227.53
TXN01844,AP0477,2024-07-26,Flipkart,Dining,23418.44
TXN01845,AP0645,2024-06-02,Flipkart,Dining,21524.33
TXN01846,AP0472,2023-08-02,Myntra,Entertainment,40036.33
TXN01847,AP0679,2024-07-28,Amazon,Shopping,41493.76
TXN01848,AP0518,2024-11-02,Big Bazaar,Utilities,25770.53
TXN01849,AP0562,2024-12-14,MakeMyTrip,Utilities,2512.86
TXN01850,AP0528,2023-07-06,MakeMyTrip,Shopping,9568.28
TXN01851,AP0326,2023-04-11,Myntra,Shopping,11352.53
TXN01852,AP0964,2024-08-21,Big Bazaar,Travel,24123.6
TXN01853,AP0690,2025-02-03,Uber,Utilities,41046.33
TXN01854,AP0297,2024-11-27,Ola,Utilities,13953.35
TXN01855,AP0388,2023-10-10,Swiggy,Travel,43516.72
TXN01856,AP0067,2023-12-20,IRCTC,Travel,34319.34
TXN01857,AP0558,2024-08-21,Uber,Utilities,36365.46
TXN01858,AP0536,2024-12-21,Uber,Travel,36005.37
TXN01859,AP0970,2025-01-22,IRCTC,Groceries,15026.85
TXN01860,AP0106,2023-12-02,Zomato,Shopping,15871.4
TXN01861,AP0560,2024-06-26,Swiggy,Entertainment,47138.78
TXN01862,AP0582,2023-02-20,Big Bazaar,Travel,38228.12
TXN01863,AP0646,2024-02-29,IRCTC,Entertainment,15027.07
TXN01864,AP0954,2023-12-01,Swiggy,Entertainment,4180.23
TXN01865,AP0323,2023-02-03,Big Bazaar,Travel,44513.37
TXN01866,AP0015,2024-05-14,Flipkart,Entertainment,31366.85
TXN01867,AP0693,2023-09-04,Uber,Utilities,837.58
TXN01868,AP0086,2023-08-03,Myntra,Travel,6527.12
TXN01869,AP0514,2023-05-06,MakeMyTrip,Entertainment,47920.61
TXN01870,AP0923,2025-03-10,MakeMyTrip,Entertainment,40483.71
TXN01871,AP0686,2025-03-04,Uber,Dining,7858.56
TXN01872,AP0866,2024-01-14,Flipkart,Groceries,25397.24
TXN01873,AP0973,2023-11-06,Myntra,Shopping,34007.57
TXN01874,AP0011,2024-12-09,Big Bazaar,Utilities,33314.89
TXN01875,AP0398,2023-12-04,Amazon,Groceries,36020.29
TXN01876,AP0839,2025-03-30,Swiggy,Travel,16255.41
TXN01877,AP0315,2024-09-12,Ola,Entertainment,19629.14
TXN01878,AP0313,2023-12-13,Amazon,Dining,17199.68
TXN01879,AP0424,2024-03-14,Zomato,Shopping,47462.39
TXN01880,AP0588,2025-03-03,Ola,Dining,20456.46
TXN01881,AP0997,2025-01-29,Amazon,Utilities,20430.55
TXN01882,AP0773,2023-03-31,IRCTC,Shopping,31714.36
TXN01883,AP0205,2023-09-09,Myntra,Groceries,44120.12
TXN01884,AP0814,2023-11-18,Big Bazaar,Groceries,13568.69
TXN01885,AP0586,2023-10-27,Flipkart,Shopping,38814.61
TXN01886,AP0432,2023-02-27,Myntra,Travel,2209.5
TXN01887,AP0011,2024-08-09,Myntra,Travel,43904.03
TXN01888,AP0065,2023-01-22,Amazon,Dining,41514.75
TXN01889,AP0567,2024-06-16,MakeMyTrip,Entertainment,44536.31
TXN01890,AP0356,2023-02-28,Uber,Shopping,46660.89
TXN01891,AP0792,2023-04-10,Zomato,Utilities,46363.97
TXN01892,AP0900,2023-03-31,Big Bazaar,Groceries,45802.72
TXN01893,AP0922,2024-08-29,Swiggy,Shopping,27911.5
TXN01894,AP0413,2023-02-12,Amazon,Utilities,43246.65
TXN01895,AP0883,2024-07-12,MakeMyTrip,Shopping,8616.28
TXN01896,AP0900,2023-02-12,Big Bazaar,Entertainment,19032.84
TXN01897,AP0387,2024-06-20,Swiggy,Travel,11357.82
TXN01898,AP0208,2023-05-02,Flipkart,Entertainment,45707.58
TXN01899,AP0885,2024-01-05,Flipkart,Entertainment,24450.3
TXN01900,AP0599,2024-11-08,IRCTC,Groceries,15499.42
TXN01901,AP0018,2023-08-15,Ola,Groceries,33270.84
TXN01902,AP0609,2023-08-16,Uber,Shopping,31390.53
TXN01903,AP0929,2024-05-04,Ola,Utilities,11999.54
TXN01904,AP0035,2024-02-01,Myntra,Groceries,41943.8
TXN01905,AP0579,2023-08-29,Ola,Entertainment,2487.06
TXN01906,AP0128,2023-11-14,Uber,Utilities,49751.2
TXN01907,AP0311,2023-01-23,IRCTC,Utilities,40740.82
TXN01908,AP0876,2023-09-14,MakeMyTrip,Groceries,39511.45
TXN01909,AP0199,2024-10-06,Amazon,Groceries,33659.97
TXN01910,AP0074,2024-06-11,Swiggy,Dining,30373.47
TXN01911,AP0650,2024-02-28,Zomato,Utilities,2078.6
TXN01912,AP0665,2024-05-07,Myntra,Shopping,26889.66
TXN01913,AP0914,2023-10-15,MakeMyTrip,Groceries,29719.46
TXN01914,AP0032,2024-05-16,Zomato,Dining,30899.76
TXN01915,AP0128,2024-05-20,MakeMyTrip,Groceries,17026.29
TXN01916,AP0017,2025-03-12,Zomato,Utilities,29756.14
TXN01917,AP0966,2024-01-03,IRCTC,Entertainment,19188.63
TXN01918,AP0181,2025-02-15,Swiggy,Groceries,31865.56
TXN01919,AP0453,2023-08-26,Big Bazaar,Shopping,5515.81
TXN01920,AP0929,2023-11-11,Swiggy,Utilities,13078.33
TXN01921,AP0859,2023-05-04,MakeMyTrip,Travel,16063.32
TXN01922,AP0680,2025-03-17,Swiggy,Utilities,5710.85
TXN01923,AP0454,2023-03-18,Zomato,Entertainment,14559.24
TXN01924,AP0232,2023-05-14,Zomato,Travel,49006.64
TXN01925,AP0782,2023-07-15,MakeMyTrip,Dining,7241.65
TXN01926,AP0442,2025-03-15,Zomato,Entertainment,12067.44
TXN01927,AP0654,2024-07-21,Myntra,Utilities,43039.96
TXN01928,AP0507,2023-02-13,Amazon,Travel,41639.64
TXN01929,AP0244,2024-02-05,Flipkart,Travel,9026.98
TXN01930,AP0295,2023-01-27,Zomato,Utilities,15851.57
TXN01931,AP0528,2024-02-08,MakeMyTrip,Dining,30895.85
TXN01932,AP0864,2023-09-06,Flipkart,Shopping,35524.86
TXN01933,AP0092,2024-03-22,MakeMyTrip,Shopping,31022.65
TXN01934,AP0847,2025-01-30,Myntra,Entertainment,33237.39
TXN01935,AP0693,2024-01-01,Amazon,Entertainment,25428.89
TXN01936,AP0511,2023-12-09,Swiggy,Utilities,13866.41
TXN01937,AP0534,2023-10-13,MakeMyTrip,Entertainment,19712.22
TXN01938,AP0709,2024-07-02,MakeMyTrip,Groceries,15630.96
TXN01939,AP0288,2024-11-01,Swiggy,Dining,22623.59
TXN01940,AP0271,2023-01-14,Amazon,Groceries,10256.07
TXN01941,AP0754,2024-03-17,Swiggy,Entertainment,42083.53
TXN01942,AP0648,2024-03-25,Zomato,Travel,8142.21
TXN01943,AP0167,2023-03-25,Flipkart,Groceries,38764.26
TXN01944,AP0594,2024-04-10,Swiggy,Utilities,30853.19
TXN01945,AP0555,2024-08-29,Myntra,Entertainment,8785.34
TXN01946,AP0844,2024-11-06,Myntra,Entertainment,31807.62
TXN01947,AP0604,2023-07-28,Myntra,Entertainment,11373.11
TXN01948,AP0208,2024-02-02,Ola,Dining,31813.66
TXN01949,AP0537,2023-12-01,Zomato,Groceries,10051.36
TXN01950,AP0084,2025-01-15,Swiggy,Travel,26254.98
TXN01951,AP0854,2023-01-30,Zomato,Entertainment,18460.89
TXN01952,AP0319,2024-04-23,Flipkart,Shopping,34136.67
TXN01953,AP0777,2024-09-03,Myntra,Travel,2511.62
TXN01954,AP0101,2023-12-16,Uber,Dining,36007.8
TXN01955,AP0721,2025-03-16,Amazon,Dining,28038.17
TXN01956,AP0442,2024-09-11,Swiggy,Groceries,4948.88
TXN01957,AP0076,2024-10-08,Uber,Travel,38673.96
TXN01958,AP0756,2023-11-07,IRCTC,Utilities,25891.94
TXN01959,AP0405,2024-01-01,Ola,Groceries,46690.19
TXN01960,AP0429,2024-02-13,Big Bazaar,Entertainment,16861.2
TXN01961,AP0106,2024-04-21,Amazon,Groceries,14949.97
TXN01962,AP0690,2023-09-07,MakeMyTrip,Utilities,37043.72
TXN01963,AP0388,2025-03-28,IRCTC,Groceries,39890.68
TXN01964,AP0270,2024-06-18,Amazon,Travel,16751.23
TXN01965,AP0046,2025-02-16,Amazon,Dining,10619.61
TXN01966,AP0830,2024-07-27,Big Bazaar,Entertainment,24480.08
TXN01967,AP0931,2023-09-05,Ola,Travel,26758.58
TXN01968,AP0317,2024-04-16,Swiggy,Dining,2779.67
TXN01969,AP0664,2024-11-13,MakeMyTrip,Entertainment,17655.3
TXN01970,AP0525,2023-01-06,Uber,Utilities,1138.51
TXN01971,AP0380,2023-03-10,IRCTC,Dining,42027.58
TXN01972,AP0271,2023-08-21,IRCTC,Entertainment,15749.34
TXN01973,AP0268,2025-01-24,Swiggy,Utilities,5904.48
TXN01974,AP0203,2024-01-18,Flipkart,Travel,11195.72
TXN01975,AP0271,2024-11-30,IRCTC,Utilities,44963.46
TXN01976,AP0412,2023-09-16,Amazon,Travel,20947.3
TXN01977,AP0935,2024-05-24,Swiggy,Dining,16559.31
TXN01978,AP0708,2023-06-04,Amazon,Travel,38380.84
TXN01979,AP0948,2023-01-23,Ola,Travel,26773.93
TXN01980,AP0720,2023-06-07,Swiggy,Dining,17563.43
TXN01981,AP0560,2023-08-22,Zomato,Shopping,12312.27
TXN01982,AP0898,2024-07-29,Zomato,Shopping,42109.37
TXN01983,AP0950,2024-03-17,Myntra,Utilities,9489.09
TXN01984,AP0748,2023-02-05,IRCTC,Shopping,19067.59
TXN01985,AP0622,2023-04-21,Ola,Utilities,47469.64
TXN01986,AP0392,2024-02-26,Zomato,Entertainment,2812.32
TXN01987,AP0809,2024-10-25,MakeMyTrip,Dining,12215.6
TXN01988,AP0847,2024-03-19,Uber,Utilities,34817.46
TXN01989,AP0633,2024-03-05,Amazon,Travel,35910.75
TXN01990,AP0014,2024-04-20,Amazon,Utilities,47131.03
TXN01991,AP0001,2024-07-16,IRCTC,Travel,31228.26
TXN01992,AP0024,2023-01-27,Zomato,Dining,26827.17
TXN01993,AP0974,2023-12-17,Big Bazaar,Travel,20277.2
TXN01994,AP0784,2023-10-02,Swiggy,Entertainment,9020.7
TXN01995,AP0284,2024-04-05,Flipkart,Utilities,27732.78
TXN01996,AP0048,2023-07-05,Big Bazaar,Shopping,20895.31
TXN01997,AP0675,2025-02-27,Uber,Dining,9295.6
TXN01998,AP0279,2024-07-07,Big Bazaar,Travel,49169.79
TXN01999,AP0041,2024-09-09,Zomato,Travel,32690.51
TXN02000,AP0938,2023-01-16,Flipkart,Entertainment,29847.16
TXN02001,AP0435,2023-07-16,Amazon,Travel,4892.64
TXN02002,AP0695,2023-05-26,Uber,Dining,15368.7
TXN02003,AP0073,2023-01-15,IRCTC,Entertainment,29630.62
TXN02004,AP0611,2023-02-09,MakeMyTrip,Entertainment,30976.97
TXN02005,AP0735,2023-10-02,Uber,Groceries,39740.34
TXN02006,AP0141,2023-07-05,MakeMyTrip,Entertainment,48215.21
TXN02007,AP0863,2025-01-14,Ola,Entertainment,47725.47
TXN02008,AP0672,2024-10-18,MakeMyTrip,Entertainment,21560.43
TXN02009,AP0322,2025-03-20,Uber,Shopping,6599.33
TXN02010,AP0811,2024-08-11,Swiggy,Dining,20445.36
TXN02011,AP0595,2024-10-29,Swiggy,Entertainment,17282.19
TXN02012,AP0237,2023-11-16,Zomato,Entertainment,4890.23
TXN02013,AP0282,2024-02-08,Swiggy,Shopping,22937.76
TXN02014,AP0896,2023-09-01,Myntra,Travel,9133.45
TXN02015,AP0478,2023-09-19,Myntra,Utilities,49158.24
TXN02016,AP0260,2024-11-15,Zomato,Travel,10244.49
TXN02017,AP0103,2024-06-25,Amazon,Groceries,38958.82
TXN02018,AP0903,2024-08-01,Uber,Entertainment,14195.38
TXN02019,AP0297,2024-05-06,IRCTC,Entertainment,49685.43
TXN02020,AP0775,2023-12-26,Swiggy,Groceries,23878.13
TXN02021,AP0827,2023-12-28,Amazon,Entertainment,49339.77
TXN02022,AP0579,2025-01-31,Uber,Utilities,44287.99
TXN02023,AP0583,2024-08-14,Flipkart,Utilities,33348.77
TXN02024,AP0138,2025-03-15,MakeMyTrip,Groceries,27488.83
TXN02025,AP0815,2023-01-24,Big Bazaar,Groceries,19913.72
TXN02026,AP0054,2024-05-02,Zomato,Travel,40196.63
TXN02027,AP0995,2024-03-06,MakeMyTrip,Dining,29542.62
TXN02028,AP0714,2023-02-02,Myntra,Dining,6158.57
TXN02029,AP0843,2023-04-15,Swiggy,Utilities,18848.91
TXN02030,AP0555,2024-02-04,Amazon,Entertainment,31737.52
TXN02031,AP0996,2024-11-06,Zomato,Travel,31217.8
TXN02032,AP0185,2023-04-28,Swiggy,Shopping,5624.32
TXN02033,AP0257,2024-02-25,IRCTC,Utilities,872.35
TXN02034,AP0250,2023-08-01,Myntra,Utilities,37825.39
TXN02035,AP0643,2023-10-17,Amazon,Utilities,41912.26
TXN02036,AP0145,2024-06-23,Big Bazaar,Utilities,18125.14
TXN02037,AP0104,2024-12-26,Myntra,Dining,40126.16
TXN02038,AP0199,2023-03-22,Flipkart,Utilities,7993.97
TXN02039,AP0858,2023-12-05,Amazon,Dining,16076.85
TXN02040,AP0291,2023-06-01,Big Bazaar,Travel,18333.93
TXN02041,AP0760,2023-10-15,Flipkart,Shopping,3890.62
TXN02042,AP0362,2024-06-27,Big Bazaar,Shopping,28421.76
TXN02043,AP0734,2023-05-15,Zomato,Utilities,28281.56
TXN02044,AP0118,2024-05-16,IRCTC,Shopping,10737.28
TXN02045,AP0881,2023-12-18,Swiggy,Dining,12098.51
TXN02046,AP0417,2023-02-09,MakeMyTrip,Entertainment,29068.75
TXN02047,AP0414,2024-12-01,Uber,Groceries,14931.17
TXN02048,AP0576,2023-03-26,Ola,Entertainment,15768.57
TXN02049,AP0703,2024-08-29,Swiggy,Dining,20889.98
TXN02050,AP0087,2024-01-25,MakeMyTrip,Travel,25601.67
TXN02051,AP0305,2024-06-04,Amazon,Utilities,45286.74
TXN02052,AP0780,2023-02-25,Swiggy,Dining,47683.51
TXN02053,AP0559,2024-11-08,Uber,Utilities,15033.31
TXN02054,AP0959,2023-04-05,Zomato,Dining,40486.4
TXN02055,AP0012,2024-03-19,Big Bazaar,Groceries,13343.71
TXN02056,AP0853,2023-05-14,Flipkart,Groceries,35319.26
TXN02057,AP0632,2023-05-01,Big Bazaar,Dining,8985.36
TXN02058,AP0396,2024-06-29,Amazon,Travel,48532.99
TXN02059,AP0716,2025-01-03,Swiggy,Groceries,9035.59
TXN02060,AP0082,2024-04-17,Swiggy,Entertainment,11814.67
TXN02061,AP0050,2023-12-03,Uber,Travel,44775.76
TXN02062,AP0422,2024-12-05,Amazon,Groceries,14522.32
TXN02063,AP0059,2023-03-14,Flipkart,Travel,49759.9
TXN02064,AP0179,2024-11-17,Big Bazaar,Utilities,28420.31
TXN02065,AP0505,2023-01-11,Uber,Travel,18512.37
TXN02066,AP0473,2025-01-28,Uber,Travel,8848.43
TXN02067,AP0012,2025-01-31,Uber,Dining,43103.26
TXN02068,AP0415,2024-09-21,IRCTC,Groceries,37066.67
TXN02069,AP0960,2024-04-19,MakeMyTrip,Dining,16340.5
TXN02070,AP0100,2024-09-27,Myntra,Dining,47800.2
TXN02071,AP0711,2024-09-12,Myntra,Shopping,38893.3
TXN02072,AP0821,2023-09-03,Amazon,Entertainment,18919.42
TXN02073,AP0110,2024-07-18,Amazon,Dining,18930.57
TXN02074,AP0508,2025-03-08,Big Bazaar,Entertainment,28877.43
TXN02075,AP0608,2024-01-14,Uber,Dining,3393.79
TXN02076,AP0415,2024-04-30,Amazon,Entertainment,28473.26
TXN02077,AP0962,2024-02-08,Ola,Dining,49769.24
TXN02078,AP0932,2024-02-17,MakeMyTrip,Groceries,45447.51
TXN02079,AP0720,2023-08-17,Myntra,Utilities,34002.15
TXN02080,AP0291,2023-02-22,MakeMyTrip,Utilities,41765.51
TXN02081,AP0584,2025-01-07,Uber,Travel,17859.64
TXN02082,AP0823,2023-08-02,Amazon,Travel,48803.95
TXN02083,AP0923,2024-07-29,Zomato,Groceries,48511.27
TXN02084,AP0161,2024-12-07,Uber,Travel,18658.16
TXN02085,AP0875,2024-05-26,Myntra,Travel,29843.22
TXN02086,AP0638,2024-01-05,Amazon,Groceries,27797.32
TXN02087,AP0455,2024-12-24,Swiggy,Groceries,19723.2
TXN02088,AP0870,2024-05-10,MakeMyTrip,Shopping,25868.73
TXN02089,AP0656,2023-12-01,Amazon,Dining,2541.87
TXN02090,AP0715,2024-12-30,Flipkart,Groceries,38788.26
TXN02091,AP0657,2024-07-22,Swiggy,Travel,43070.46
TXN02092,AP0887,2023-12-30,IRCTC,Shopping,20489.82
TXN02093,AP0601,2025-02-08,Swiggy,Groceries,28844.61
TXN02094,AP0804,2024-06-05,Zomato,Dining,6134.14
TXN02095,AP0333,2023-08-13,Big Bazaar,Utilities,41167.53
TXN02096,AP0322,2023-11-03,Flipkart,Dining,38682.02
TXN02097,AP0264,2023-05-08,IRCTC,Shopping,30987.2
TXN02098,AP0044,2024-01-25,Zomato,Travel,17131.97
TXN02099,AP0387,2023-04-11,Ola,Dining,785.66
TXN02100,AP0603,2024-06-03,Uber,Groceries,15922.76
TXN02101,AP0276,2024-09-08,MakeMyTrip,Dining,14362.87
TXN02102,AP0143,2024-08-12,Big Bazaar,Entertainment,14566.51
TXN02103,AP0361,2023-01-23,Big Bazaar,Groceries,47432.23
TXN02104,AP0617,2023-06-22,Uber,Shopping,3521.95
TXN02105,AP0110,2024-04-19,Big Bazaar,Groceries,6994.57
TXN02106,AP0617,2023-03-21,MakeMyTrip,Groceries,33746.89
TXN02107,AP0436,2023-08-21,IRCTC,Travel,13747.07
TXN02108,AP0191,2025-03-10,Zomato,Travel,101.12
TXN02109,AP0793,2024-11-20,Ola,Groceries,45250.28
TXN02110,AP0019,2023-05-31,IRCTC,Travel,27100.72
TXN02111,AP0814,2023-06-22,Ola,Utilities,43794.03
TXN02112,AP0147,2024-09-13,Myntra,Dining,11441.23
TXN02113,AP0853,2024-10-14,Swiggy,Groceries,5601.91
TXN02114,AP0447,2024-07-02,Uber,Dining,29759.19
TXN02115,AP0715,2023-02-13,Myntra,Travel,38394.55
TXN02116,AP0019,2023-08-20,Myntra,Groceries,33025.81
TXN02117,AP0969,2025-01-29,Amazon,Travel,25008.41
TXN02118,AP0275,2023-04-18,IRCTC,Travel,17313.2
TXN02119,AP0183,2023-05-29,Uber,Dining,22314.5
TXN02120,AP0587,2025-02-08,Amazon,Entertainment,17519.75
TXN02121,AP0723,2024-10-04,Big Bazaar,Shopping,26482.49
TXN02122,AP0300,2023-02-06,MakeMyTrip,Shopping,14509.86
TXN02123,AP0146,2023-03-31,MakeMyTrip,Shopping,46869.77
TXN02124,AP0554,2023-09-28,IRCTC,Dining,16288.69
TXN02125,AP0246,2023-07-10,Swiggy,Dining,7567.7
TXN02126,AP0303,2023-10-17,Myntra,Entertainment,40052.34
TXN02127,AP0789,2023-11-07,Amazon,Dining,17668.35
TXN02128,AP0710,2024-04-11,Swiggy,Travel,17615.25
TXN02129,AP0580,2024-09-15,Uber,Utilities,35120.93
TXN02130,AP0760,2025-02-15,Amazon,Groceries,26273.74
TXN02131,AP0282,2023-03-13,Amazon,Shopping,8757.43
TXN02132,AP0128,2023-10-21,Big Bazaar,Shopping,48176.81
TXN02133,AP0691,2024-10-25,MakeMyTrip,Travel,35479.25
TXN02134,AP0866,2023-03-27,Zomato,Entertainment,35731.34
TXN02135,AP0065,2024-06-20,Uber,Shopping,38871.78
TXN02136,AP0090,2025-02-11,Swiggy,Shopping,9731.07
TXN02137,AP0550,2024-05-17,Ola,Utilities,38944.23
TXN02138,AP0148,2023-09-26,Ola,Entertainment,3767.4
TXN02139,AP0473,2024-03-10,Zomato,Shopping,6049.39
TXN02140,AP0016,2024-02-19,Flipkart,Entertainment,40568.07
TXN02141,AP0445,2024-10-21,Uber,Utilities,22860.04
TXN02142,AP0811,2023-02-28,Uber,Utilities,17800.78
TXN02143,AP0749,2023-03-24,MakeMyTrip,Utilities,1321.61
TXN02144,AP0655,2023-07-08,Ola,Groceries,1931.87
TXN02145,AP0739,2023-06-05,Zomato,Utilities,27952.79
TXN02146,AP0641,2023-03-12,Big Bazaar,Utilities,19664.84
TXN02147,AP0307,2025-02-23,Myntra,Groceries,41123.28
TXN02148,AP0366,2024-11-25,Uber,Shopping,31151.82
TXN02149,AP0310,2024-01-03,Uber,Utilities,14430.19
TXN02150,AP0988,2024-01-30,Amazon,Utilities,23673.7
TXN02151,AP0958,2023-08-20,Ola,Dining,9705.95
TXN02152,AP0309,2023-05-19,Swiggy,Utilities,29710.19
TXN02153,AP0847,2025-03-03,Myntra,Groceries,43037.95
TXN02154,AP0774,2023-03-24,Ola,Dining,48364.66
TXN02155,AP0086,2024-08-16,Zomato,Entertainment,17322.09
TXN02156,AP0284,2023-11-21,IRCTC,Dining,35520.18
TXN02157,AP0656,2023-09-12,IRCTC,Utilities,31019.4
TXN02158,AP0334,2024-05-23,Ola,Dining,2240.41
TXN02159,AP0079,2024-05-07,Flipkart,Shopping,49637.62
TXN02160,AP0816,2024-02-02,Ola,Travel,25251.19
TXN02161,AP0622,2024-02-04,Big Bazaar,Travel,15089.52
TXN02162,AP0312,2024-10-19,Big Bazaar,Groceries,23796.07
TXN02163,AP0655,2024-01-29,Myntra,Entertainment,20334.64
TXN02164,AP0034,2023-06-05,IRCTC,Travel,31081.29
TXN02165,AP0744,2024-02-26,IRCTC,Shopping,13718.23
TXN02166,AP0794,2023-09-07,Swiggy,Groceries,6163.42
TXN02167,AP0022,2025-03-25,Flipkart,Shopping,45861.27
TXN02168,AP0183,2023-11-19,MakeMyTrip,Dining,10424.25
TXN02169,AP0257,2023-11-11,Ola,Travel,45615.94
TXN02170,AP0060,2024-12-18,Amazon,Shopping,35445.2
TXN02171,AP0017,2024-05-15,MakeMyTrip,Entertainment,35269.7
TXN02172,AP0993,2024-12-18,Swiggy,Entertainment,15177.78
TXN02173,AP0205,2024-09-03,Ola,Dining,15094.21
TXN02174,AP0236,2024-03-18,Big Bazaar,Travel,39701.39
TXN02175,AP0810,2024-04-16,IRCTC,Shopping,36965.92
TXN02176,AP0858,2023-09-30,Swiggy,Travel,21410.96
TXN02177,AP0910,2023-12-18,Zomato,Groceries,18359.15
TXN02178,AP0176,2024-04-04,Ola,Entertainment,42681.58
TXN02179,AP0336,2025-02-12,Amazon,Utilities,25909.31
TXN02180,AP0520,2025-03-31,IRCTC,Groceries,27907.19
TXN02181,AP0497,2023-12-30,Swiggy,Dining,37193.08
TXN02182,AP0021,2024-01-28,Uber,Entertainment,44893.56
TXN02183,AP0511,2023-06-30,Swiggy,Shopping,3422.39
TXN02184,AP0043,2023-04-17,Ola,Dining,46791.31
TXN02185,AP0644,2024-08-08,Amazon,Dining,34838.96
TXN02186,AP0386,2024-03-14,MakeMyTrip,Groceries,2882.34
TXN02187,AP0313,2023-05-18,Zomato,Shopping,16045.25
TXN02188,AP0534,2024-06-22,IRCTC,Shopping,43971.06
TXN02189,AP0064,2024-08-16,IRCTC,Utilities,33775.16
TXN02190,AP0812,2024-06-20,IRCTC,Entertainment,6598.66
TXN02191,AP0342,2025-02-06,Uber,Dining,3098.11
TXN02192,AP0475,2023-02-22,Ola,Utilities,38897.12
TXN02193,AP0277,2024-12-31,MakeMyTrip,Entertainment,30687.21
TXN02194,AP0644,2023-02-04,Big Bazaar,Entertainment,48343.63
TXN02195,AP0376,2024-07-21,IRCTC,Shopping,33506.97
TXN02196,AP0130,2024-10-18,Uber,Entertainment,2031.26
TXN02197,AP0576,2023-02-26,Amazon,Shopping,7431.26
TXN02198,AP0064,2023-05-17,Big Bazaar,Shopping,23435.51
TXN02199,AP0695,2024-03-04,Big Bazaar,Travel,34631.32
TXN02200,AP0153,2023-02-07,Ola,Travel,48470.13
TXN02201,AP0854,2023-03-07,Myntra,Travel,11412.79
TXN02202,AP0552,2023-06-23,Ola,Utilities,28926.75
TXN02203,AP0994,2024-03-29,Big Bazaar,Shopping,34238.97
TXN02204,AP0200,2023-08-24,IRCTC,Shopping,14972.1
TXN02205,AP0649,2024-10-23,Flipkart,Travel,5181.06
TXN02206,AP0997,2023-12-02,Big Bazaar,Shopping,8644.03
TXN02207,AP0794,2024-02-07,IRCTC,Entertainment,13877.05
TXN02208,AP0113,2024-06-19,IRCTC,Utilities,8742.76
TXN02209,AP0865,2024-05-02,Myntra,Groceries,42868.27
TXN02210,AP0534,2024-08-26,Big Bazaar,Dining,41365.25
TXN02211,AP0389,2024-05-13,Flipkart,Dining,16658.14
TXN02212,AP0904,2024-03-14,MakeMyTrip,Utilities,9170.77
TXN02213,AP0944,2024-12-22,Swiggy,Groceries,37410.37
TXN02214,AP0843,2024-11-19,MakeMyTrip,Groceries,46682.02
TXN02215,AP0970,2023-04-11,MakeMyTrip,Utilities,32759.85
TXN02216,AP0394,2023-07-05,Big Bazaar,Utilities,10840.86
TXN02217,AP0149,2025-02-08,Flipkart,Dining,39796.13
TXN02218,AP0305,2025-01-21,Swiggy,Shopping,27690.71
TXN02219,AP0240,2024-02-17,Zomato,Groceries,4134.72
TXN02220,AP0653,2023-02-07,Zomato,Utilities,15746.74
TXN02221,AP0826,2023-10-26,Ola,Dining,15510.72
TXN02222,AP0209,2024-04-25,MakeMyTrip,Groceries,8861.45
TXN02223,AP0773,2024-04-11,MakeMyTrip,Groceries,19190.49
TXN02224,AP0657,2023-03-03,Amazon,Groceries,1703.19
TXN02225,AP0796,2024-11-29,Uber,Dining,3865.51
TXN02226,AP0471,2024-09-27,Flipkart,Shopping,44548.22
TXN02227,AP0246,2023-12-21,MakeMyTrip,Travel,23197.58
TXN02228,AP0696,2024-05-28,Swiggy,Utilities,2832.72
TXN02229,AP0528,2025-01-04,Myntra,Groceries,39256.65
TXN02230,AP0284,2024-01-26,Flipkart,Utilities,46229.75
TXN02231,AP0166,2024-04-14,Myntra,Travel,2813.83
TXN02232,AP0431,2023-04-04,Amazon,Dining,4069.95
TXN02233,AP0107,2024-12-28,Flipkart,Travel,2958.81
TXN02234,AP0543,2023-03-14,MakeMyTrip,Entertainment,24374.14
TXN02235,AP0819,2024-02-11,Big Bazaar,Travel,17747.4
TXN02236,AP0787,2024-07-07,Big Bazaar,Travel,24848.03
TXN02237,AP0248,2023-12-27,Zomato,Utilities,43100.82
TXN02238,AP0255,2025-03-14,Amazon,Dining,10633.69
TXN02239,AP0655,2023-12-07,IRCTC,Shopping,4996.37
TXN02240,AP0554,2024-01-15,Ola,Shopping,9331.96
TXN02241,AP0232,2024-11-24,Uber,Travel,36074.29
TXN02242,AP0886,2024-08-25,Flipkart,Travel,10968.61
TXN02243,AP0870,2024-01-12,Flipkart,Dining,17627.25
TXN02244,AP0122,2024-09-14,Flipkart,Groceries,10176.11
TXN02245,AP0912,2024-03-30,Swiggy,Dining,30961.23
TXN02246,AP0169,2024-12-22,Uber,Groceries,21365.96
TXN02247,AP0183,2024-07-19,Big Bazaar,Travel,44222.85
TXN02248,AP0143,2024-11-12,Flipkart,Travel,32437.03
TXN02249,AP0943,2025-01-13,IRCTC,Entertainment,46557.65
TXN02250,AP0128,2024-10-19,Swiggy,Entertainment,12369.55
TXN02251,AP0248,2024-05-24,Uber,Utilities,40473.4
TXN02252,AP0530,2024-12-28,Swiggy,Groceries,1301.94
TXN02253,AP0675,2023-06-27,Uber,Shopping,13540.57
TXN02254,AP0559,2024-08-23,Big Bazaar,Shopping,8831.13
TXN02255,AP0075,2024-07-27,Amazon,Entertainment,35536.82
TXN02256,AP0804,2024-01-08,Zomato,Dining,36732.95
TXN02257,AP0801,2024-03-08,Amazon,Travel,27646.73
TXN02258,AP0658,2024-06-15,Ola,Groceries,26995.83
TXN02259,AP0404,2023-11-26,MakeMyTrip,Utilities,37292.4
TXN02260,AP0294,2023-05-26,Myntra,Dining,33481.43
TXN02261,AP0599,2024-12-03,Myntra,Groceries,25173.03
TXN02262,AP0243,2023-09-29,Myntra,Entertainment,32998.19
TXN02263,AP0469,2024-02-28,Zomato,Utilities,27342.24
TXN02264,AP0747,2025-03-21,Zomato,Dining,34835.91
TXN02265,AP0150,2025-02-12,MakeMyTrip,Utilities,26116.57
TXN02266,AP0152,2023-08-13,Amazon,Shopping,7392.96
TXN02267,AP0809,2023-08-01,Uber,Utilities,37019.99
TXN02268,AP0624,2023-07-06,Ola,Utilities,36497.24
TXN02269,AP0233,2025-01-31,Big Bazaar,Travel,12502.87
TXN02270,AP0402,2024-12-15,Zomato,Entertainment,10894.52
TXN02271,AP0756,2023-09-18,Ola,Groceries,2091.5
TXN02272,AP0681,2023-03-29,IRCTC,Travel,38187.84
TXN02273,AP0207,2023-10-30,Amazon,Travel,27248.47
TXN02274,AP0410,2024-06-11,IRCTC,Dining,23520.12
TXN02275,AP0416,2024-09-27,Myntra,Groceries,42735.19
TXN02276,AP0646,2024-01-27,Swiggy,Entertainment,25084.22
TXN02277,AP0464,2024-01-06,Flipkart,Shopping,38111.94
TXN02278,AP0447,2024-11-20,Flipkart,Shopping,12824.76
TXN02279,AP0181,2024-05-25,Myntra,Entertainment,25626.54
TXN02280,AP0752,2024-07-17,Myntra,Entertainment,46371.47
TXN02281,AP0733,2024-01-27,Big Bazaar,Shopping,11797.5
TXN02282,AP0778,2024-01-04,IRCTC,Entertainment,40048.63
TXN02283,AP0752,2023-02-27,Ola,Dining,25017.89
TXN02284,AP0954,2024-02-21,Swiggy,Dining,36476.9
TXN02285,AP0636,2023-12-28,Swiggy,Utilities,23024.89
TXN02286,AP0557,2025-03-30,Zomato,Dining,31696.75
TXN02287,AP0401,2024-09-14,Flipkart,Groceries,8557.92
TXN02288,AP0283,2023-02-13,Flipkart,Shopping,9334.95
TXN02289,AP0929,2024-07-20,Swiggy,Shopping,1303.35
TXN02290,AP0261,2024-11-04,Zomato,Travel,36745.94
TXN02291,AP0708,2023-06-25,Myntra,Utilities,21753.6
TXN02292,AP0919,2024-04-25,Uber,Shopping,2092.31
TXN02293,AP0788,2025-02-21,Big Bazaar,Groceries,34798.58
TXN02294,AP0274,2024-09-28,Big Bazaar,Entertainment,2468.21
TXN02295,AP0486,2025-03-04,Uber,Entertainment,9145.18
TXN02296,AP0156,2024-10-06,MakeMyTrip,Entertainment,3512.17
TXN02297,AP0523,2024-11-14,Ola,Utilities,1908.24
TXN02298,AP0677,2025-03-22,Big Bazaar,Entertainment,13741.92
TXN02299,AP0962,2024-12-12,Big Bazaar,Entertainment,23230.47
TXN02300,AP0926,2023-10-08,Big Bazaar,Groceries,17356.69
TXN02301,AP0948,2023-01-29,Ola,Travel,18922.13
TXN02302,AP0624,2024-11-29,Amazon,Utilities,30932.39
TXN02303,AP0951,2024-02-01,Myntra,Utilities,49339.74
TXN02304,AP0740,2023-08-03,Swiggy,Groceries,42871.01
TXN02305,AP0588,2024-04-29,Ola,Dining,37873.51
TXN02306,AP0955,2023-10-13,Big Bazaar,Utilities,42333.33
TXN02307,AP0096,2024-02-21,IRCTC,Utilities,35946.79
TXN02308,AP0984,2023-02-21,Uber,Groceries,25550.93
TXN02309,AP0310,2024-06-05,Myntra,Dining,13675.17
TXN02310,AP0934,2024-11-27,IRCTC,Shopping,13223.83
TXN02311,AP0376,2024-04-22,Uber,Utilities,9077.97
TXN02312,AP0789,2024-02-26,Myntra,Utilities,3251.62
TXN02313,AP0295,2024-08-13,Ola,Dining,727.52
TXN02314,AP0411,2023-06-27,Ola,Entertainment,18647.38
TXN02315,AP0058,2023-09-22,Amazon,Travel,5723.77
TXN02316,AP0168,2024-07-02,Uber,Shopping,43851.31
TXN02317,AP0908,2024-02-02,Zomato,Groceries,3823.13
TXN02318,AP0279,2023-05-23,MakeMyTrip,Travel,3136.3
TXN02319,AP0230,2023-07-20,MakeMyTrip,Groceries,23656.29
TXN02320,AP0654,2023-01-09,Myntra,Utilities,48360.15
TXN02321,AP0304,2023-01-16,Zomato,Entertainment,1017.03
TXN02322,AP0478,2023-01-24,Swiggy,Groceries,3018.38
TXN02323,AP0249,2024-12-31,MakeMyTrip,Entertainment,8275.08
TXN02324,AP0174,2023-05-15,Big Bazaar,Shopping,27388.14
TXN02325,AP0075,2023-08-15,Zomato,Travel,17605.24
TXN02326,AP0467,2023-11-25,Amazon,Dining,16894.23
TXN02327,AP0593,2023-08-21,IRCTC,Groceries,39610.77
TXN02328,AP0433,2024-10-14,Swiggy,Travel,45324.19
TXN02329,AP0241,2024-01-05,Amazon,Shopping,10555.22
TXN02330,AP0897,2025-02-23,Zomato,Groceries,10843.65
TXN02331,AP0727,2024-02-19,Myntra,Shopping,39096.8
TXN02332,AP0438,2024-10-14,IRCTC,Dining,36018.83
TXN02333,AP0272,2023-04-21,Zomato,Shopping,8728.96
TXN02334,AP0262,2024-02-08,Swiggy,Dining,14846.2
TXN02335,AP0042,2023-02-18,Uber,Groceries,43176.72
TXN02336,AP0552,2023-09-23,Big Bazaar,Utilities,18475.93
TXN02337,AP0585,2025-02-08,Swiggy,Shopping,4813.85
TXN02338,AP0692,2023-03-14,MakeMyTrip,Groceries,7695.34
TXN02339,AP0911,2024-03-16,Big Bazaar,Groceries,48709.16
TXN02340,AP0496,2025-03-30,Uber,Shopping,42858.14
TXN02341,AP0801,2024-03-23,Uber,Groceries,9774.84
TXN02342,AP0110,2023-11-14,Ola,Shopping,22276.79
TXN02343,AP0406,2023-02-20,Swiggy,Entertainment,3503.45
TXN02344,AP0624,2024-04-20,IRCTC,Groceries,7378.11
TXN02345,AP0600,2023-07-17,Big Bazaar,Dining,46767.14
TXN02346,AP0302,2024-11-12,MakeMyTrip,Utilities,28211.57
TXN02347,AP0773,2024-10-14,Zomato,Travel,7532.64
TXN02348,AP0845,2024-11-18,Zomato,Entertainment,49680.56
TXN02349,AP0719,2024-08-07,Zomato,Entertainment,44032.25
TXN02350,AP0094,2023-08-10,IRCTC,Shopping,11935.33
TXN02351,AP0468,2024-02-04,IRCTC,Utilities,44002.67
TXN02352,AP0262,2023-01-15,Zomato,Dining,14857.63
TXN02353,AP0409,2023-05-19,Ola,Groceries,47369.4
TXN02354,AP0774,2023-04-15,Myntra,Shopping,413.78
TXN02355,AP0044,2025-03-14,Swiggy,Dining,39232.34
TXN02356,AP0107,2024-07-02,Myntra,Groceries,23612.22
TXN02357,AP0371,2023-03-13,Amazon,Entertainment,34765.77
TXN02358,AP0100,2024-06-10,Uber,Shopping,18989.41
TXN02359,AP0483,2023-03-08,Big Bazaar,Dining,15190.59
TXN02360,AP0942,2023-03-09,Uber,Entertainment,40535.8
TXN02361,AP0903,2023-11-15,Ola,Utilities,13553.27
TXN02362,AP0385,2023-04-04,Myntra,Entertainment,46579.97
TXN02363,AP0525,2023-10-31,Flipkart,Groceries,11397.78
TXN02364,AP0035,2023-07-30,Amazon,Utilities,5571.46
TXN02365,AP0047,2023-07-30,MakeMyTrip,Utilities,12888.49
TXN02366,AP0779,2024-06-22,Zomato,Travel,18025.11
TXN02367,AP0473,2024-09-11,Uber,Travel,37630.08
TXN02368,AP0825,2024-08-21,Swiggy,Travel,7299.89
TXN02369,AP0245,2024-05-16,Amazon,Utilities,20626.86
TXN02370,AP0947,2025-03-13,Amazon,Shopping,19428.61
TXN02371,AP0375,2023-09-20,MakeMyTrip,Dining,37089.84
TXN02372,AP0298,2025-01-06,MakeMyTrip,Groceries,21884.98
TXN02373,AP0886,2025-03-09,Big Bazaar,Utilities,10628.01
TXN02374,AP0998,2024-03-09,Uber,Entertainment,19650.05
TXN02375,AP0475,2025-01-09,Big Bazaar,Groceries,18327.85
TXN02376,AP0021,2023-09-01,Zomato,Dining,11320.49
TXN02377,AP0822,2024-07-19,Ola,Groceries,21224.31
TXN02378,AP0244,2023-08-16,IRCTC,Groceries,18660.02
TXN02379,AP0671,2024-08-01,Flipkart,Travel,13006.34
TXN02380,AP0283,2023-05-27,Zomato,Dining,12101.3
TXN02381,AP0393,2024-11-04,Swiggy,Dining,18398.2
TXN02382,AP0928,2024-04-30,Zomato,Entertainment,7576.14
TXN02383,AP0709,2023-12-05,Uber,Travel,25048.22
TXN02384,AP0376,2023-01-04,Ola,Entertainment,4430.64
TXN02385,AP0162,2023-07-18,Big Bazaar,Utilities,2992.0
TXN02386,AP0274,2024-04-24,Swiggy,Travel,23983.38
TXN02387,AP0869,2023-01-23,Ola,Travel,17731.56
TXN02388,AP0790,2023-08-09,Big Bazaar,Dining,39346.08
TXN02389,AP0444,2025-03-03,IRCTC,Entertainment,16063.79
TXN02390,AP0712,2024-06-28,MakeMyTrip,Entertainment,46502.3
TXN02391,AP0092,2024-02-20,Uber,Dining,23851.45
TXN02392,AP0837,2023-02-06,Big Bazaar,Groceries,31757.67
TXN02393,AP0434,2023-06-11,Flipkart,Groceries,13971.49
TXN02394,AP0006,2024-04-15,Swiggy,Dining,7775.86
TXN02395,AP0339,2024-08-18,Swiggy,Dining,27907.29
TXN02396,AP0871,2024-01-29,Uber,Groceries,39848.62
TXN02397,AP0068,2024-08-06,MakeMyTrip,Travel,3990.84
TXN02398,AP0515,2023-07-20,Amazon,Utilities,20769.44
TXN02399,AP0715,2024-06-16,Uber,Entertainment,27988.98
TXN02400,AP0304,2023-10-24,Swiggy,Utilities,4863.27
TXN02401,AP0459,2023-04-26,Ola,Shopping,35322.9
TXN02402,AP0977,2024-03-30,Big Bazaar,Utilities,5091.42
TXN02403,AP1000,2024-03-27,Uber,Utilities,6762.16
TXN02404,AP0518,2023-02-25,Flipkart,Utilities,46464.09
TXN02405,AP0028,2023-05-13,MakeMyTrip,Utilities,39044.57
TXN02406,AP0076,2024-01-12,Myntra,Shopping,17047.53
TXN02407,AP0278,2024-07-14,Zomato,Shopping,25930.67
TXN02408,AP0152,2024-03-22,Uber,Utilities,1139.03
TXN02409,AP0520,2023-01-04,Amazon,Groceries,44950.86
TXN02410,AP0402,2024-02-01,Flipkart,Entertainment,32391.27
TXN02411,AP0133,2024-06-10,Swiggy,Dining,36829.39
TXN02412,AP0353,2023-01-09,Swiggy,Utilities,4636.06
TXN02413,AP0641,2023-06-23,Zomato,Shopping,44393.35
TXN02414,AP0705,2024-01-20,Flipkart,Entertainment,19689.92
TXN02415,AP0488,2024-03-16,Big Bazaar,Utilities,4857.52
TXN02416,AP0873,2023-08-13,Zomato,Groceries,28820.69
TXN02417,AP0541,2025-02-06,Myntra,Shopping,45128.99
TXN02418,AP0462,2025-02-05,Big Bazaar,Dining,46210.36
TXN02419,AP0047,2023-10-04,Uber,Shopping,45289.32
TXN02420,AP0153,2024-06-09,Ola,Dining,48048.4
TXN02421,AP0214,2023-02-10,Amazon,Groceries,3997.59
TXN02422,AP0990,2023-11-21,Uber,Dining,726.67
TXN02423,AP0831,2023-11-01,Amazon,Dining,1577.11
TXN02424,AP0055,2024-02-22,Big Bazaar,Shopping,17400.5
TXN02425,AP0149,2024-05-18,Myntra,Groceries,32469.43
TXN02426,AP0420,2024-06-01,Amazon,Entertainment,9901.18
TXN02427,AP0821,2024-05-25,Ola,Travel,43670.49
TXN02428,AP0052,2024-01-27,MakeMyTrip,Shopping,39497.58
TXN02429,AP0854,2024-08-17,Swiggy,Groceries,8798.15
TXN02430,AP0200,2024-02-17,Myntra,Utilities,9649.16
TXN02431,AP0995,2025-02-18,IRCTC,Shopping,19595.95
TXN02432,AP0354,2023-02-10,Ola,Dining,31184.85
TXN02433,AP0119,2023-05-26,Zomato,Utilities,42988.74
TXN02434,AP0465,2023-01-18,Ola,Entertainment,42936.25
TXN02435,AP0994,2023-10-01,Big Bazaar,Utilities,43087.66
TXN02436,AP0824,2024-08-27,IRCTC,Shopping,42191.34
TXN02437,AP0416,2023-07-09,IRCTC,Groceries,49923.81
TXN02438,AP0841,2023-09-08,Big Bazaar,Shopping,44581.33
TXN02439,AP0077,2025-01-06,Myntra,Utilities,7660.05
TXN02440,AP0273,2024-10-23,Ola,Dining,31390.21
TXN02441,AP0329,2024-02-06,Swiggy,Utilities,18948.34
TXN02442,AP0103,2024-12-12,Amazon,Travel,34306.56
TXN02443,AP0491,2024-03-11,MakeMyTrip,Travel,49442.23
TXN02444,AP0937,2023-04-22,Swiggy,Groceries,15279.14
TXN02445,AP0859,2024-05-14,Myntra,Shopping,36644.73
TXN02446,AP0829,2023-07-07,Swiggy,Groceries,16841.72
TXN02447,AP0407,2023-06-20,Swiggy,Utilities,45121.95
TXN02448,AP0454,2023-01-23,Flipkart,Dining,46284.06
TXN02449,AP0320,2023-06-26,Zomato,Shopping,369.7
TXN02450,AP0579,2023-02-10,MakeMyTrip,Travel,34617.41
TXN02451,AP0263,2024-11-14,Uber,Shopping,47136.67
TXN02452,AP0592,2023-10-14,Uber,Utilities,14789.16
TXN02453,AP0224,2024-06-06,Big Bazaar,Travel,19229.32
TXN02454,AP0194,2023-07-07,Ola,Entertainment,26656.8
TXN02455,AP0224,2024-06-21,Zomato,Groceries,40838.52
TXN02456,AP0842,2025-01-24,Uber,Shopping,41638.75
TXN02457,AP0336,2024-05-24,Big Bazaar,Entertainment,13554.5
TXN02458,AP0554,2023-12-06,Big Bazaar,Shopping,35911.75
TXN02459,AP0568,2024-02-14,Amazon,Dining,30543.53
TXN02460,AP0045,2024-08-05,Swiggy,Entertainment,35667.5
TXN02461,AP0686,2024-02-05,Flipkart,Shopping,31206.56
TXN02462,AP0101,2024-06-13,Amazon,Utilities,47607.12
TXN02463,AP0438,2024-11-18,Swiggy,Utilities,12980.85
TXN02464,AP0237,2023-06-15,MakeMyTrip,Utilities,19988.28
TXN02465,AP0528,2023-05-27,Uber,Travel,30342.44
TXN02466,AP0044,2024-12-03,Swiggy,Groceries,36024.97
TXN02467,AP0627,2024-02-01,Swiggy,Travel,3306.16
TXN02468,AP0531,2023-12-03,Big Bazaar,Travel,40120.1
TXN02469,AP0878,2024-11-25,Big Bazaar,Travel,10734.12
TXN02470,AP0208,2023-12-06,Amazon,Travel,26381.85
TXN02471,AP0995,2024-04-25,Swiggy,Groceries,11948.69
TXN02472,AP0131,2023-04-30,Big Bazaar,Utilities,38379.33
TXN02473,AP0918,2023-08-24,Ola,Groceries,11628.24
TXN02474,AP0637,2024-01-14,Amazon,Groceries,1926.4
TXN02475,AP0926,2024-09-01,Big Bazaar,Entertainment,5294.41
TXN02476,AP0566,2023-04-21,Swiggy,Travel,3319.65
TXN02477,AP0136,2023-05-15,IRCTC,Dining,34804.88
TXN02478,AP0314,2024-09-16,Swiggy,Groceries,44293.44
TXN02479,AP0178,2024-01-12,Myntra,Shopping,13738.35
TXN02480,AP0459,2023-02-20,Big Bazaar,Entertainment,40842.76
TXN02481,AP0498,2023-08-31,Ola,Dining,24749.34
TXN02482,AP0697,2023-04-05,Uber,Utilities,17040.82
TXN02483,AP0706,2024-01-20,Uber,Groceries,41926.98
TXN02484,AP0351,2023-10-05,Swiggy,Entertainment,3530.59
TXN02485,AP0863,2024-01-21,Ola,Groceries,498.71
TXN02486,AP0703,2025-01-06,Swiggy,Dining,19418.15
TXN02487,AP0531,2023-02-14,Zomato,Dining,26910.35
TXN02488,AP0703,2023-05-06,Uber,Dining,34981.57
TXN02489,AP0563,2024-05-31,Uber,Shopping,20139.65
TXN02490,AP0088,2023-06-29,Big Bazaar,Groceries,48139.23
TXN02491,AP0856,2024-07-13,Flipkart,Groceries,12355.06
TXN02492,AP0457,2023-08-02,Myntra,Groceries,47930.1
TXN02493,AP0533,2023-01-17,Zomato,Travel,23008.32
TXN02494,AP0378,2023-09-05,MakeMyTrip,Shopping,3328.32
TXN02495,AP0558,2025-01-25,Swiggy,Utilities,7049.82
TXN02496,AP0054,2024-02-21,IRCTC,Utilities,20439.3
TXN02497,AP0024,2023-09-05,Uber,Travel,27031.73
TXN02498,AP0616,2023-05-10,IRCTC,Groceries,30444.62
TXN02499,AP0924,2023-08-04,Ola,Utilities,32628.27
TXN02500,AP0629,2023-07-02,Myntra,Shopping,48683.43
TXN02501,AP0092,2024-01-18,Ola,Dining,46371.21
TXN02502,AP0315,2024-02-19,Myntra,Travel,8006.3
TXN02503,AP0323,2024-07-01,Ola,Utilities,24769.66
TXN02504,AP0815,2024-03-07,Ola,Utilities,23070.45
TXN02505,AP0679,2023-01-09,Swiggy,Groceries,19686.36
TXN02506,AP0605,2024-07-31,Big Bazaar,Entertainment,37890.94
TXN02507,AP0801,2023-06-18,Ola,Groceries,3196.31
TXN02508,AP0223,2024-06-17,Amazon,Utilities,2762.74
TXN02509,AP0658,2024-03-03,Big Bazaar,Entertainment,17933.65
TXN02510,AP0540,2023-02-16,Swiggy,Utilities,49883.55
TXN02511,AP0692,2024-08-31,IRCTC,Travel,31640.64
TXN02512,AP0773,2023-06-19,Zomato,Groceries,16068.77
TXN02513,AP0976,2023-07-09,Flipkart,Utilities,8163.73
TXN02514,AP0949,2024-12-29,Flipkart,Dining,48254.46
TXN02515,AP0959,2023-12-11,Big Bazaar,Travel,24097.72
TXN02516,AP0467,2023-06-06,Ola,Utilities,41995.48
TXN02517,AP0563,2023-12-26,Myntra,Shopping,29013.13
TXN02518,AP0212,2025-03-13,Flipkart,Travel,39095.53
TXN02519,AP0144,2024-09-04,MakeMyTrip,Entertainment,43375.12
TXN02520,AP0298,2023-05-04,Big Bazaar,Shopping,4402.85
TXN02521,AP0892,2024-12-16,Ola,Shopping,38575.24
TXN02522,AP0133,2024-09-10,Zomato,Entertainment,43298.65
TXN02523,AP0778,2023-11-28,Zomato,Dining,22981.16
TXN02524,AP0917,2023-07-07,IRCTC,Utilities,31417.52
TXN02525,AP0860,2023-08-24,Myntra,Groceries,23108.08
TXN02526,AP0643,2024-09-27,IRCTC,Travel,40400.85
TXN02527,AP0265,2024-06-28,Amazon,Utilities,30752.9
TXN02528,AP0808,2024-02-26,IRCTC,Dining,31204.73
TXN02529,AP0644,2024-04-17,Myntra,Shopping,43713.43
TXN02530,AP0972,2023-07-22,Uber,Utilities,18318.88
TXN02531,AP0708,2024-02-06,Myntra,Entertainment,19268.17
TXN02532,AP0139,2023-07-19,Flipkart,Utilities,33073.61
TXN02533,AP0258,2023-09-14,Swiggy,Shopping,14307.1
TXN02534,AP0073,2023-02-14,Myntra,Shopping,47693.43
TXN02535,AP0051,2024-01-11,Uber,Entertainment,1695.83
TXN02536,AP0876,2023-05-16,MakeMyTrip,Travel,47353.26
TXN02537,AP0131,2024-10-06,MakeMyTrip,Groceries,6097.27
TXN02538,AP0640,2025-02-26,Myntra,Groceries,37978.05
TXN02539,AP0960,2024-01-02,Zomato,Entertainment,8520.56
TXN02540,AP0447,2025-03-27,Zomato,Dining,20106.05
TXN02541,AP0911,2023-03-28,Ola,Dining,20854.73
TXN02542,AP0406,2023-04-15,IRCTC,Utilities,2893.83
TXN02543,AP0298,2024-02-09,Swiggy,Shopping,3437.71
TXN02544,AP0697,2023-08-06,Myntra,Entertainment,3990.65
TXN02545,AP0261,2023-10-15,Ola,Travel,10456.64
TXN02546,AP0198,2025-03-04,MakeMyTrip,Travel,38653.64
TXN02547,AP0866,2024-04-01,Uber,Groceries,25548.43
TXN02548,AP0198,2023-01-01,Big Bazaar,Dining,36111.11
TXN02549,AP0115,2023-07-14,Ola,Entertainment,9745.06
TXN02550,AP0528,2025-03-13,MakeMyTrip,Entertainment,15568.1
TXN02551,AP0652,2024-04-13,IRCTC,Utilities,22522.93
TXN02552,AP0457,2023-07-18,Myntra,Dining,39657.41
TXN02553,AP0733,2023-04-16,Ola,Utilities,18780.64
TXN02554,AP0065,2025-01-01,Big Bazaar,Entertainment,42066.98
TXN02555,AP0481,2024-09-17,Swiggy,Entertainment,38169.41
TXN02556,AP0413,2023-10-29,Ola,Groceries,42106.01
TXN02557,AP0545,2024-02-06,Zomato,Shopping,28642.5
TXN02558,AP0886,2025-02-05,MakeMyTrip,Utilities,4870.65
TXN02559,AP0664,2023-11-21,Zomato,Dining,26061.37
TXN02560,AP0560,2023-09-22,Amazon,Shopping,25928.38
TXN02561,AP0450,2024-04-26,Amazon,Shopping,28480.49
TXN02562,AP0957,2023-10-26,Flipkart,Entertainment,7227.97
TXN02563,AP0552,2023-04-18,Uber,Groceries,27924.96
TXN02564,AP0140,2023-12-28,MakeMyTrip,Dining,32447.83
TXN02565,AP0006,2024-12-14,Zomato,Travel,45878.02
TXN02566,AP0914,2024-04-25,Ola,Shopping,28921.69
TXN02567,AP0146,2024-04-02,Swiggy,Utilities,3468.96
TXN02568,AP0345,2025-01-18,Big Bazaar,Shopping,14797.39
TXN02569,AP0865,2024-05-05,Uber,Entertainment,17451.15
TXN02570,AP0587,2023-12-27,Big Bazaar,Travel,23675.81
TXN02571,AP0211,2024-01-11,Swiggy,Entertainment,7124.56
TXN02572,AP0852,2023-09-18,Myntra,Dining,44626.92
TXN02573,AP0631,2024-06-26,Myntra,Travel,27053.3
TXN02574,AP0913,2023-05-03,Amazon,Travel,27897.5
TXN02575,AP0531,2024-12-12,Zomato,Travel,34959.28
TXN02576,AP0205,2024-09-25,Amazon,Entertainment,24867.37
TXN02577,AP0848,2023-08-04,Big Bazaar,Groceries,30030.87
TXN02578,AP0720,2024-01-12,MakeMyTrip,Entertainment,18788.82
TXN02579,AP0416,2024-11-08,Swiggy,Utilities,17338.72
TXN02580,AP0119,2023-03-18,IRCTC,Travel,19182.19
TXN02581,AP0328,2023-03-19,Big Bazaar,Shopping,15485.63
TXN02582,AP0917,2024-05-28,Swiggy,Shopping,15511.2
TXN02583,AP0586,2024-11-14,Ola,Entertainment,5458.57
TXN02584,AP0745,2023-04-03,Swiggy,Utilities,19995.57
TXN02585,AP0675,2024-04-20,Flipkart,Utilities,42360.95
TXN02586,AP0402,2023-02-10,Big Bazaar,Dining,30809.45
TXN02587,AP0433,2024-05-29,Myntra,Groceries,46870.98
TXN02588,AP0944,2024-10-22,Big Bazaar,Entertainment,20404.36
TXN02589,AP0311,2023-10-16,Myntra,Entertainment,32928.5
TXN02590,AP0353,2024-10-27,Swiggy,Travel,40149.0
TXN02591,AP0229,2024-04-19,Uber,Utilities,2825.78
TXN02592,AP0413,2024-09-03,Flipkart,Travel,17767.94
TXN02593,AP0135,2024-02-22,Uber,Travel,34006.12
TXN02594,AP0452,2023-04-18,MakeMyTrip,Entertainment,27064.89
TXN02595,AP0258,2023-09-09,IRCTC,Travel,2454.39
TXN02596,AP0278,2024-03-14,Uber,Shopping,4808.94
TXN02597,AP0950,2024-09-06,MakeMyTrip,Entertainment,46324.04
TXN02598,AP0019,2023-08-24,Flipkart,Travel,18847.21
TXN02599,AP0009,2023-09-27,Myntra,Groceries,6009.56
TXN02600,AP0715,2023-08-25,MakeMyTrip,Travel,43817.48
TXN02601,AP0910,2023-05-21,Ola,Groceries,12920.4
TXN02602,AP0071,2023-01-05,MakeMyTrip,Utilities,24548.71
TXN02603,AP0360,2024-04-11,Big Bazaar,Entertainment,424.99
TXN02604,AP0855,2025-01-10,IRCTC,Shopping,32996.93
TXN02605,AP0824,2024-07-17,Myntra,Travel,12518.17
TXN02606,AP0367,2024-05-22,Myntra,Dining,23271.89
TXN02607,AP0333,2023-06-05,Big Bazaar,Entertainment,25092.8
TXN02608,AP0314,2023-08-21,Flipkart,Utilities,21279.91
TXN02609,AP0120,2024-03-08,MakeMyTrip,Entertainment,32137.56
TXN02610,AP0705,2023-12-05,Swiggy,Travel,11267.56
TXN02611,AP0142,2023-10-09,Myntra,Groceries,9633.97
TXN02612,AP0987,2023-08-01,MakeMyTrip,Dining,35470.46
TXN02613,AP0534,2023-10-21,Uber,Shopping,29397.88
TXN02614,AP0904,2024-04-07,Swiggy,Groceries,13016.51
TXN02615,AP0882,2023-07-11,Myntra,Utilities,20734.38
TXN02616,AP0137,2024-06-07,Myntra,Entertainment,32423.89
TXN02617,AP0851,2024-03-31,IRCTC,Shopping,44037.5
TXN02618,AP0392,2024-05-03,Swiggy,Travel,2484.34
TXN02619,AP0025,2024-01-03,Flipkart,Utilities,27935.55
TXN02620,AP0503,2023-03-17,Ola,Dining,35397.38
TXN02621,AP0161,2025-01-08,Big Bazaar,Shopping,27542.14
TXN02622,AP0712,2024-08-27,Myntra,Utilities,23206.49
TXN02623,AP0266,2024-11-10,Big Bazaar,Travel,49083.0
TXN02624,AP0058,2025-02-19,Flipkart,Entertainment,22776.86
TXN02625,AP0914,2023-09-22,Swiggy,Travel,24184.46
TXN02626,AP0239,2024-04-13,Amazon,Groceries,31946.16
TXN02627,AP0306,2024-10-13,Myntra,Entertainment,10498.67
TXN02628,AP0524,2023-04-07,Flipkart,Groceries,30734.8
TXN02629,AP0046,2023-10-12,Big Bazaar,Entertainment,23907.4
TXN02630,AP0730,2023-02-08,Swiggy,Shopping,20625.47
TXN02631,AP0880,2023-02-07,IRCTC,Dining,8584.51
TXN02632,AP0540,2024-08-14,Zomato,Shopping,45494.23
TXN02633,AP0674,2023-05-16,Big Bazaar,Dining,14764.67
TXN02634,AP0327,2024-08-25,IRCTC,Groceries,27355.59
TXN02635,AP0030,2024-12-06,Ola,Shopping,30314.41
TXN02636,AP0785,2024-06-21,Myntra,Groceries,17389.22
TXN02637,AP0994,2025-01-02,Ola,Entertainment,1098.65
TXN02638,AP0931,2025-01-31,Flipkart,Dining,35115.24
TXN02639,AP0703,2023-10-22,Flipkart,Entertainment,36901.11
TXN02640,AP0459,2024-10-27,Zomato,Travel,30274.34
TXN02641,AP0852,2025-01-18,IRCTC,Entertainment,40895.55
TXN02642,AP0987,2025-02-08,MakeMyTrip,Groceries,43365.62
TXN02643,AP0626,2023-04-26,Zomato,Utilities,47230.03
TXN02644,AP0302,2023-11-07,Big Bazaar,Groceries,17746.27
TXN02645,AP0547,2024-05-29,IRCTC,Entertainment,696.58
TXN02646,AP0753,2023-02-03,Zomato,Utilities,10193.52
TXN02647,AP0136,2023-05-20,Ola,Travel,46303.93
TXN02648,AP0425,2024-03-04,Flipkart,Utilities,39176.35
TXN02649,AP0815,2024-06-06,Flipkart,Shopping,31152.06
TXN02650,AP0059,2023-11-01,Big Bazaar,Travel,826.55
TXN02651,AP0662,2024-12-30,Myntra,Shopping,23932.87
TXN02652,AP0663,2023-11-15,Flipkart,Entertainment,23511.04
TXN02653,AP0906,2024-08-31,Swiggy,Utilities,18231.06
TXN02654,AP0350,2025-01-30,MakeMyTrip,Groceries,31249.37
TXN02655,AP0607,2023-07-24,Zomato,Groceries,16992.55
TXN02656,AP0581,2023-04-24,Ola,Utilities,28060.31
TXN02657,AP0741,2024-02-19,Zomato,Entertainment,6990.97
TXN02658,AP0217,2024-01-17,Amazon,Shopping,39293.53
TXN02659,AP0578,2024-08-19,Big Bazaar,Dining,18215.94
TXN02660,AP0637,2025-02-01,MakeMyTrip,Shopping,22796.89
TXN02661,AP0494,2023-05-31,Zomato,Dining,48898.99
TXN02662,AP0372,2024-08-17,IRCTC,Travel,2027.91
TXN02663,AP0835,2023-02-22,Flipkart,Travel,28131.84
TXN02664,AP0690,2024-03-07,Swiggy,Groceries,23921.21
TXN02665,AP0261,2025-03-31,Big Bazaar,Utilities,17357.3
TXN02666,AP0361,2023-01-23,Flipkart,Shopping,18945.33
TXN02667,AP0554,2023-10-13,MakeMyTrip,Entertainment,15507.59
TXN02668,AP0407,2023-04-13,Big Bazaar,Entertainment,4540.92
TXN02669,AP0597,2024-04-19,Swiggy,Utilities,47126.47
TXN02670,AP0728,2024-06-14,Zomato,Travel,30074.34
TXN02671,AP0860,2024-12-15,Flipkart,Shopping,398.2
TXN02672,AP0843,2023-10-20,Amazon,Travel,12041.72
TXN02673,AP0681,2023-02-27,Swiggy,Entertainment,28204.44
TXN02674,AP0094,2023-09-25,Swiggy,Groceries,2549.04
TXN02675,AP0320,2024-09-27,MakeMyTrip,Shopping,5726.19
TXN02676,AP0953,2024-03-19,Amazon,Entertainment,37366.76
TXN02677,AP0533,2023-11-26,Ola,Entertainment,39531.72
TXN02678,AP0474,2023-12-24,Flipkart,Dining,39805.63
TXN02679,AP0764,2023-10-29,Swiggy,Entertainment,22022.91
TXN02680,AP0636,2023-10-26,Big Bazaar,Travel,7870.25
TXN02681,AP0289,2023-07-12,Uber,Shopping,17727.09
TXN02682,AP0164,2024-04-04,Big Bazaar,Travel,20235.44
TXN02683,AP0160,2023-04-11,Ola,Travel,34724.17
TXN02684,AP0324,2024-12-14,MakeMyTrip,Utilities,31521.62
TXN02685,AP0950,2025-01-10,IRCTC,Travel,34520.72
TXN02686,AP0709,2024-11-27,Big Bazaar,Travel,18055.97
TXN02687,AP0258,2024-03-06,Amazon,Travel,37684.48
TXN02688,AP0224,2023-08-05,Ola,Dining,42586.59
TXN02689,AP0948,2023-04-17,IRCTC,Entertainment,32219.4
TXN02690,AP0340,2023-12-20,Swiggy,Groceries,6847.09
TXN02691,AP0884,2024-12-06,Ola,Shopping,36502.32
TXN02692,AP0980,2024-10-11,IRCTC,Groceries,30709.81
TXN02693,AP0293,2023-09-02,Flipkart,Dining,42662.72
TXN02694,AP0536,2024-08-30,Swiggy,Groceries,28986.22
TXN02695,AP0803,2023-10-08,Zomato,Groceries,47778.64
TXN02696,AP0582,2024-04-21,Amazon,Shopping,27347.34
TXN02697,AP0665,2024-02-08,Zomato,Groceries,7666.72
TXN02698,AP0660,2023-01-09,Zomato,Travel,33363.3
TXN02699,AP0769,2023-08-13,IRCTC,Utilities,47403.49
TXN02700,AP0313,2024-02-05,Amazon,Utilities,37441.9
TXN02701,AP0938,2024-02-13,Big Bazaar,Entertainment,42944.61
TXN02702,AP0818,2023-05-15,Zomato,Shopping,2891.04
TXN02703,AP0500,2023-12-21,Zomato,Groceries,26868.18
TXN02704,AP0222,2024-02-13,Myntra,Groceries,49457.82
TXN02705,AP0480,2023-06-08,MakeMyTrip,Groceries,15492.84
TXN02706,AP0040,2024-12-30,Ola,Shopping,8787.82
TXN02707,AP0197,2023-04-28,Ola,Dining,42220.29
TXN02708,AP0743,2023-06-24,Flipkart,Entertainment,44303.38
TXN02709,AP0647,2023-05-28,Amazon,Entertainment,20354.73
TXN02710,AP0554,2024-08-21,Zomato,Entertainment,37498.98
TXN02711,AP0101,2024-11-21,Big Bazaar,Dining,25730.07
TXN02712,AP0669,2025-03-14,Big Bazaar,Dining,35553.94
TXN02713,AP0336,2025-04-01,Amazon,Dining,37715.99
TXN02714,AP0463,2024-10-09,Myntra,Travel,19712.67
TXN02715,AP0997,2024-04-23,Myntra,Groceries,40081.8
TXN02716,AP0287,2023-09-18,Amazon,Travel,9702.13
TXN02717,AP0151,2024-08-31,Flipkart,Utilities,39187.95
TXN02718,AP0813,2023-08-28,Myntra,Entertainment,21095.12
TXN02719,AP0730,2025-02-22,IRCTC,Entertainment,47933.68
TXN02720,AP0086,2023-10-07,Uber,Shopping,31608.47
TXN02721,AP0292,2023-01-29,Uber,Groceries,26541.38
TXN02722,AP0869,2024-11-17,Zomato,Utilities,19840.58
TXN02723,AP0759,2023-07-23,Uber,Entertainment,10409.67
TXN02724,AP0257,2023-09-10,IRCTC,Travel,23589.1
TXN02725,AP0364,2024-09-16,Flipkart,Shopping,20719.12
TXN02726,AP0359,2024-01-29,Zomato,Travel,9836.12
TXN02727,AP0720,2024-09-23,Flipkart,Utilities,48085.53
TXN02728,AP0365,2023-04-15,IRCTC,Dining,20997.1
TXN02729,AP0965,2023-02-07,MakeMyTrip,Utilities,17563.57
TXN02730,AP0739,2023-08-28,Big Bazaar,Entertainment,49174.92
TXN02731,AP0945,2023-08-05,Amazon,Utilities,3206.57
TXN02732,AP0067,2024-04-01,Zomato,Utilities,20924.34
TXN02733,AP0335,2024-05-13,Zomato,Entertainment,6787.49
TXN02734,AP0156,2025-02-12,IRCTC,Utilities,46093.13
TXN02735,AP0822,2023-10-15,MakeMyTrip,Entertainment,15010.1
TXN02736,AP0651,2024-08-11,Big Bazaar,Travel,31876.84
TXN02737,AP0748,2024-12-25,Swiggy,Shopping,43450.83
TXN02738,AP0068,2024-05-04,IRCTC,Utilities,29707.25
TXN02739,AP0694,2024-06-25,Myntra,Entertainment,43261.65
TXN02740,AP0949,2023-12-22,Amazon,Utilities,38618.26
TXN02741,AP0462,2024-02-11,IRCTC,Entertainment,5285.2
TXN02742,AP0806,2023-04-23,Ola,Entertainment,36700.19
TXN02743,AP0466,2023-08-22,Swiggy,Shopping,30134.97
TXN02744,AP0895,2024-08-09,Swiggy,Entertainment,18650.21
TXN02745,AP0500,2024-11-15,MakeMyTrip,Entertainment,14335.21
TXN02746,AP0050,2023-02-25,IRCTC,Entertainment,8373.87
TXN02747,AP0472,2023-11-02,Flipkart,Dining,14719.9
TXN02748,AP0229,2023-11-29,MakeMyTrip,Groceries,42122.56
TXN02749,AP0747,2023-09-03,Zomato,Dining,39934.35
TXN02750,AP0345,2023-05-02,Big Bazaar,Travel,6134.15
TXN02751,AP0923,2025-03-31,IRCTC,Entertainment,1418.02
TXN02752,AP0955,2024-05-08,Swiggy,Travel,47610.19
TXN02753,AP0312,2023-07-17,IRCTC,Utilities,17026.69
TXN02754,AP0694,2023-10-11,IRCTC,Travel,33772.5
TXN02755,AP0206,2023-01-03,Myntra,Groceries,8270.06
TXN02756,AP0151,2023-11-07,IRCTC,Utilities,12758.79
TXN02757,AP0208,2023-03-31,Amazon,Dining,1208.91
TXN02758,AP0075,2025-02-23,Zomato,Groceries,9296.95
TXN02759,AP0147,2023-10-15,Ola,Travel,22648.92
TXN02760,AP0336,2025-01-31,Uber,Groceries,44097.43
TXN02761,AP0738,2023-03-01,Uber,Groceries,16120.14
TXN02762,AP0419,2024-06-11,Big Bazaar,Entertainment,10469.04
TXN02763,AP0707,2023-01-29,Ola,Groceries,15145.9
TXN02764,AP0701,2023-10-02,Ola,Dining,11306.84
TXN02765,AP0456,2024-02-22,Ola,Shopping,34149.16
TXN02766,AP0592,2024-02-11,Big Bazaar,Groceries,32554.87
TXN02767,AP0926,2023-12-09,Ola,Shopping,32541.06
TXN02768,AP0279,2023-08-21,Myntra,Shopping,27503.73
TXN02769,AP0833,2024-03-11,Flipkart,Shopping,33116.73
TXN02770,AP0339,2024-06-28,Big Bazaar,Shopping,40184.84
TXN02771,AP0280,2024-02-29,Uber,Entertainment,49324.33
TXN02772,AP0944,2023-02-01,Ola,Dining,3438.79
TXN02773,AP0032,2024-02-04,Swiggy,Travel,42198.37
TXN02774,AP0048,2024-04-14,IRCTC,Entertainment,43645.02
TXN02775,AP0045,2024-05-15,Big Bazaar,Entertainment,32990.67
TXN02776,AP0770,2023-01-13,IRCTC,Utilities,47990.81
TXN02777,AP0253,2023-07-08,Amazon,Dining,6625.42
TXN02778,AP0596,2024-12-03,Amazon,Entertainment,38335.0
TXN02779,AP0880,2024-10-20,MakeMyTrip,Utilities,37586.24
TXN02780,AP0780,2023-11-20,Amazon,Dining,35553.67
TXN02781,AP0923,2024-01-28,Amazon,Travel,33528.67
TXN02782,AP0902,2023-05-20,Flipkart,Shopping,25164.66
TXN02783,AP0064,2023-07-11,Big Bazaar,Entertainment,17234.13
TXN02784,AP0973,2023-08-22,Uber,Entertainment,8426.1
TXN02785,AP0363,2023-08-26,Flipkart,Travel,31714.04
TXN02786,AP0361,2023-08-05,Big Bazaar,Shopping,44941.19
TXN02787,AP0825,2024-08-13,Uber,Dining,42777.13
TXN02788,AP0358,2024-02-18,Flipkart,Dining,16882.71
TXN02789,AP0131,2023-09-06,Zomato,Entertainment,40580.31
TXN02790,AP0947,2025-03-09,Big Bazaar,Shopping,35404.33
TXN02791,AP0140,2023-10-22,Amazon,Dining,18202.68
TXN02792,AP0778,2023-12-18,IRCTC,Entertainment,21820.12
TXN02793,AP0121,2024-05-18,Myntra,Entertainment,10411.15
TXN02794,AP0205,2023-09-10,Flipkart,Entertainment,11164.56
TXN02795,AP0999,2023-12-22,Myntra,Shopping,20861.37
TXN02796,AP0455,2023-11-22,Swiggy,Travel,778.15
TXN02797,AP0742,2023-07-24,Amazon,Shopping,29775.91
TXN02798,AP0885,2023-11-01,Swiggy,Travel,19679.81
TXN02799,AP0916,2025-01-02,MakeMyTrip,Dining,47217.2
TXN02800,AP0791,2023-04-15,Big Bazaar,Shopping,16760.93
TXN02801,AP0031,2023-12-20,Uber,Utilities,19788.99
TXN02802,AP0738,2023-09-05,MakeMyTrip,Utilities,10298.22
TXN02803,AP0245,2025-03-21,Ola,Travel,45228.8
TXN02804,AP0976,2023-08-10,Flipkart,Shopping,39912.26
TXN02805,AP0951,2023-08-22,Flipkart,Entertainment,18075.63
TXN02806,AP0341,2023-04-10,Big Bazaar,Utilities,24558.61
TXN02807,AP0868,2023-03-10,Flipkart,Entertainment,8023.44
TXN02808,AP0922,2024-08-27,Ola,Utilities,26227.59
TXN02809,AP0290,2023-11-30,IRCTC,Shopping,49143.26
TXN02810,AP0974,2024-11-07,Ola,Entertainment,6366.47
TXN02811,AP0284,2024-02-25,Ola,Utilities,10852.68
TXN02812,AP0797,2023-05-21,Amazon,Utilities,12820.88
TXN02813,AP0607,2024-04-29,Big Bazaar,Groceries,45361.71
TXN02814,AP0323,2023-12-15,Zomato,Entertainment,17340.94
TXN02815,AP0232,2024-12-30,Swiggy,Utilities,40306.66
TXN02816,AP0768,2023-05-05,MakeMyTrip,Groceries,33583.18
TXN02817,AP0570,2024-03-16,Flipkart,Utilities,8726.77
TXN02818,AP0368,2023-06-17,Ola,Entertainment,20043.75
TXN02819,AP0887,2025-02-13,Flipkart,Groceries,42818.6
TXN02820,AP0275,2024-03-20,Amazon,Dining,42959.7
TXN02821,AP0450,2024-12-03,IRCTC,Utilities,25333.92
TXN02822,AP0842,2023-06-02,Zomato,Dining,19589.72
TXN02823,AP0698,2023-06-26,Flipkart,Shopping,42040.53
TXN02824,AP0484,2024-10-30,Swiggy,Utilities,32168.31
TXN02825,AP0075,2023-11-10,Ola,Entertainment,21657.08
TXN02826,AP0619,2023-05-11,Myntra,Groceries,16466.06
TXN02827,AP0869,2024-07-15,Myntra,Groceries,20973.98
TXN02828,AP0597,2025-03-26,MakeMyTrip,Entertainment,3741.78
TXN02829,AP0550,2024-11-17,MakeMyTrip,Entertainment,40719.89
TXN02830,AP0112,2024-07-09,Myntra,Groceries,12270.89
TXN02831,AP0313,2023-06-19,Ola,Travel,41548.05
TXN02832,AP0724,2024-11-03,Big Bazaar,Groceries,11892.15
TXN02833,AP0133,2024-05-30,IRCTC,Dining,20656.89
TXN02834,AP0225,2024-03-31,Zomato,Shopping,31097.2
TXN02835,AP0946,2024-02-22,Ola,Travel,34634.24
TXN02836,AP0004,2023-05-07,Amazon,Shopping,2261.11
TXN02837,AP0642,2025-02-02,Swiggy,Travel,32967.28
TXN02838,AP0867,2025-01-01,Myntra,Travel,15535.22
TXN02839,AP0608,2025-03-31,Swiggy,Entertainment,17558.73
TXN02840,AP0156,2023-12-19,IRCTC,Shopping,27777.95
TXN02841,AP0787,2024-03-13,Ola,Utilities,41775.51
TXN02842,AP0173,2023-06-22,MakeMyTrip,Shopping,30596.71
TXN02843,AP0307,2024-05-13,IRCTC,Entertainment,49129.18
TXN02844,AP0414,2023-11-26,Zomato,Dining,48319.41
TXN02845,AP0685,2023-06-12,Flipkart,Dining,34670.25
TXN02846,AP0824,2024-03-07,Flipkart,Entertainment,21462.8
TXN02847,AP0093,2023-01-02,IRCTC,Travel,28099.7
TXN02848,AP0868,2024-12-10,Zomato,Dining,21794.93
TXN02849,AP0815,2025-02-20,MakeMyTrip,Groceries,15038.53
TXN02850,AP0311,2023-12-28,IRCTC,Utilities,38604.1
TXN02851,AP0234,2024-09-30,Myntra,Groceries,12811.64
TXN02852,AP0712,2023-06-11,Myntra,Entertainment,17175.45
TXN02853,AP0262,2023-11-20,Ola,Dining,29850.61
TXN02854,AP0853,2023-04-08,Zomato,Groceries,18881.04
TXN02855,AP0288,2023-04-04,MakeMyTrip,Groceries,33222.43
TXN02856,AP0987,2024-01-11,MakeMyTrip,Utilities,46370.81
TXN02857,AP0451,2024-12-16,Amazon,Groceries,42343.34
TXN02858,AP0531,2023-12-13,Amazon,Entertainment,42844.42
TXN02859,AP0295,2023-06-11,Big Bazaar,Groceries,23854.63
TXN02860,AP0896,2023-12-24,Big Bazaar,Utilities,17325.24
TXN02861,AP0411,2025-01-11,Ola,Utilities,29906.76
TXN02862,AP0560,2024-03-24,Amazon,Utilities,43428.13
TXN02863,AP0323,2025-01-12,MakeMyTrip,Dining,6349.9
TXN02864,AP0791,2025-01-27,IRCTC,Utilities,13656.36
TXN02865,AP0709,2025-03-28,Myntra,Travel,44419.13
TXN02866,AP0447,2023-08-18,IRCTC,Dining,47772.92
TXN02867,AP0738,2023-01-15,Swiggy,Dining,37676.38
TXN02868,AP0551,2024-06-06,Amazon,Entertainment,39122.63
TXN02869,AP0312,2023-08-15,Amazon,Travel,37890.09
TXN02870,AP0335,2024-01-23,Zomato,Travel,4838.7
TXN02871,AP0311,2023-09-02,Amazon,Groceries,39246.16
TXN02872,AP0577,2025-03-16,Myntra,Utilities,4724.67
TXN02873,AP0556,2025-03-19,MakeMyTrip,Entertainment,41904.75
TXN02874,AP0410,2023-06-23,IRCTC,Entertainment,34071.67
TXN02875,AP0828,2023-01-19,Uber,Utilities,1416.73
TXN02876,AP0247,2025-02-10,Zomato,Groceries,23491.92
TXN02877,AP0926,2023-07-07,Zomato,Groceries,18934.36
TXN02878,AP0796,2024-02-25,MakeMyTrip,Groceries,8160.87
TXN02879,AP0770,2023-05-22,Zomato,Dining,16147.55
TXN02880,AP0116,2024-07-18,Zomato,Utilities,27983.11
TXN02881,AP0422,2023-12-24,Ola,Utilities,39240.1
TXN02882,AP0651,2023-08-11,Uber,Travel,23738.2
TXN02883,AP0910,2023-07-09,Big Bazaar,Groceries,919.28
TXN02884,AP0995,2023-11-17,Big Bazaar,Dining,21280.3
TXN02885,AP0940,2025-03-07,Flipkart,Shopping,33919.02
TXN02886,AP0129,2023-10-28,Flipkart,Groceries,43444.27
TXN02887,AP0109,2024-11-14,Amazon,Groceries,9112.25
TXN02888,AP0643,2024-01-20,Swiggy,Groceries,12281.08
TXN02889,AP0168,2025-01-23,Uber,Utilities,4612.03
TXN02890,AP0224,2023-05-15,Flipkart,Entertainment,30236.11
TXN02891,AP0977,2024-05-16,MakeMyTrip,Travel,31525.94
TXN02892,AP0861,2023-10-20,Big Bazaar,Groceries,6415.95
TXN02893,AP0592,2024-01-06,Zomato,Utilities,22215.28
TXN02894,AP0778,2024-11-05,MakeMyTrip,Groceries,44144.63
TXN02895,AP0656,2023-07-21,Uber,Utilities,23401.74
TXN02896,AP0442,2023-11-04,Uber,Shopping,27312.96
TXN02897,AP0280,2025-01-15,Amazon,Dining,31757.17
TXN02898,AP0664,2025-04-01,Ola,Entertainment,9758.96
TXN02899,AP0715,2023-07-21,Myntra,Dining,21041.3
TXN02900,AP0817,2023-12-30,IRCTC,Entertainment,43486.77
TXN02901,AP0877,2024-05-10,Swiggy,Dining,43684.89
TXN02902,AP0555,2024-03-09,Myntra,Groceries,37107.63
TXN02903,AP0970,2024-01-05,Flipkart,Travel,46712.33
TXN02904,AP0799,2023-02-27,Uber,Groceries,10778.87
TXN02905,AP0893,2024-10-09,Big Bazaar,Entertainment,46172.43
TXN02906,AP0252,2025-02-08,Zomato,Travel,35625.41
TXN02907,AP0670,2024-02-14,Swiggy,Shopping,8817.52
TXN02908,AP0281,2023-08-29,Big Bazaar,Shopping,12368.77
TXN02909,AP0224,2023-04-19,MakeMyTrip,Entertainment,35427.47
TXN02910,AP0827,2024-04-18,MakeMyTrip,Entertainment,35646.29
TXN02911,AP0999,2024-04-29,IRCTC,Entertainment,7562.76
TXN02912,AP0887,2024-10-02,IRCTC,Utilities,26168.53
TXN02913,AP0727,2024-04-25,Myntra,Dining,19388.7
TXN02914,AP0931,2023-03-05,Zomato,Travel,21141.78
TXN02915,AP0285,2024-02-27,Swiggy,Dining,29420.13
TXN02916,AP0552,2025-02-09,Zomato,Dining,39434.4
TXN02917,AP0778,2024-02-27,Uber,Dining,47068.28
TXN02918,AP0785,2024-02-22,Ola,Shopping,47053.0
TXN02919,AP0664,2023-07-20,Amazon,Dining,11795.83
TXN02920,AP0634,2024-09-12,Myntra,Travel,45729.36
TXN02921,AP0844,2024-05-24,Ola,Travel,9414.9
TXN02922,AP0432,2023-03-14,MakeMyTrip,Dining,46556.74
TXN02923,AP0331,2023-12-24,Zomato,Travel,38204.87
TXN02924,AP0159,2024-08-22,Zomato,Shopping,45087.86
TXN02925,AP0914,2023-03-16,Swiggy,Utilities,38714.98
TXN02926,AP0798,2023-11-08,Flipkart,Utilities,9521.53
TXN02927,AP0769,2023-10-30,Zomato,Dining,20611.29
TXN02928,AP0283,2023-03-12,Uber,Utilities,15808.74
TXN02929,AP0013,2023-01-18,IRCTC,Travel,28293.77
TXN02930,AP0202,2023-02-05,Uber,Dining,28190.82
TXN02931,AP0366,2023-07-18,Swiggy,Entertainment,35946.63
TXN02932,AP0407,2024-04-11,Uber,Entertainment,15076.46
TXN02933,AP0016,2024-02-11,Myntra,Entertainment,13528.88
TXN02934,AP0401,2024-11-19,Ola,Entertainment,29852.32
TXN02935,AP0557,2024-01-02,Ola,Dining,14813.74
TXN02936,AP0404,2025-03-16,IRCTC,Utilities,36791.85
TXN02937,AP0506,2023-06-28,Swiggy,Dining,30816.82
TXN02938,AP0322,2023-10-27,Amazon,Dining,22139.42
TXN02939,AP0343,2024-03-31,IRCTC,Shopping,531.54
TXN02940,AP0867,2023-04-26,Myntra,Utilities,34266.27
TXN02941,AP0781,2024-08-15,Myntra,Entertainment,13128.98
TXN02942,AP0725,2023-06-18,Ola,Travel,6604.35
TXN02943,AP0881,2024-03-28,Ola,Travel,35028.19
TXN02944,AP0445,2025-03-01,Amazon,Entertainment,33370.21
TXN02945,AP0484,2023-11-04,Ola,Utilities,10466.03
TXN02946,AP0580,2023-05-02,Myntra,Utilities,867.83
TXN02947,AP0395,2023-02-06,Ola,Entertainment,15317.25
TXN02948,AP0950,2024-04-03,Myntra,Travel,42394.99
TXN02949,AP0432,2024-11-24,IRCTC,Utilities,45535.04
TXN02950,AP0885,2024-07-10,Flipkart,Utilities,41594.79
TXN02951,AP0285,2023-01-08,Myntra,Entertainment,27554.63
TXN02952,AP0719,2023-05-14,Big Bazaar,Entertainment,34304.33
TXN02953,AP0319,2024-10-23,Swiggy,Entertainment,24482.3
TXN02954,AP0937,2024-10-17,Big Bazaar,Utilities,34777.05
TXN02955,AP0673,2023-03-12,Ola,Utilities,17119.2
TXN02956,AP0150,2024-07-08,Flipkart,Travel,41777.29
TXN02957,AP0571,2024-03-12,MakeMyTrip,Dining,43494.87
TXN02958,AP0112,2024-01-10,IRCTC,Dining,34862.31
TXN02959,AP0210,2024-11-24,Ola,Utilities,25153.02
TXN02960,AP0651,2023-12-15,Zomato,Groceries,26444.05
TXN02961,AP0726,2023-07-11,Zomato,Shopping,2274.28
TXN02962,AP0314,2024-07-10,Swiggy,Utilities,23596.86
TXN02963,AP0571,2024-01-16,IRCTC,Shopping,23257.18
TXN02964,AP0225,2024-01-27,Zomato,Utilities,30042.75
TXN02965,AP0163,2025-01-12,Swiggy,Travel,21647.84
TXN02966,AP0291,2024-04-12,Zomato,Shopping,42652.99
TXN02967,AP0987,2024-08-30,Zomato,Entertainment,27750.16
TXN02968,AP0019,2023-06-10,Flipkart,Travel,11164.77
TXN02969,AP0865,2024-03-17,MakeMyTrip,Dining,35990.09
TXN02970,AP0594,2023-09-12,Uber,Shopping,46929.18
TXN02971,AP0857,2025-01-14,Flipkart,Dining,45334.96
TXN02972,AP0972,2023-01-11,Ola,Groceries,44723.37
TXN02973,AP0037,2024-07-12,Myntra,Shopping,7087.75
TXN02974,AP0609,2024-08-25,Swiggy,Utilities,48804.48
TXN02975,AP0058,2024-05-14,Zomato,Groceries,44852.88
TXN02976,AP0464,2024-06-08,Zomato,Shopping,30639.4
TXN02977,AP0871,2024-10-05,MakeMyTrip,Shopping,22135.06
TXN02978,AP0043,2024-06-08,Ola,Entertainment,4839.12
TXN02979,AP0491,2024-01-31,Ola,Entertainment,21244.53
TXN02980,AP0607,2025-02-11,Amazon,Shopping,21073.91
TXN02981,AP0276,2023-09-25,Uber,Entertainment,29063.15
TXN02982,AP0193,2024-03-12,MakeMyTrip,Dining,18408.46
TXN02983,AP0331,2024-07-17,Ola,Dining,48833.97
TXN02984,AP0096,2025-03-13,Myntra,Travel,43700.42
TXN02985,AP0760,2023-12-21,Flipkart,Groceries,13776.22
TXN02986,AP0835,2024-06-19,Myntra,Shopping,18038.66
TXN02987,AP0563,2023-09-30,Amazon,Shopping,3479.99
TXN02988,AP0107,2024-02-06,Ola,Travel,5531.19
TXN02989,AP0222,2023-11-24,Flipkart,Utilities,14702.24
TXN02990,AP0061,2024-02-01,IRCTC,Groceries,32391.04
TXN02991,AP0420,2024-04-04,Ola,Dining,25481.3
TXN02992,AP0775,2025-02-20,MakeMyTrip,Shopping,49162.56
TXN02993,AP0621,2024-03-18,MakeMyTrip,Shopping,36116.1
TXN02994,AP0311,2024-08-24,IRCTC,Travel,23041.69
TXN02995,AP0744,2023-12-17,Flipkart,Entertainment,35325.71
TXN02996,AP0614,2023-04-29,Big Bazaar,Groceries,26154.63
TXN02997,AP0228,2024-07-01,Flipkart,Entertainment,15564.58
TXN02998,AP0327,2023-12-07,Flipkart,Utilities,22333.39
TXN02999,AP0413,2024-07-30,Amazon,Utilities,8563.3
TXN03000,AP0851,2024-01-20,Ola,Entertainment,665.59
TXN03001,AP0147,2023-11-19,Ola,Shopping,26111.81
TXN03002,AP0270,2024-01-17,Ola,Dining,1205.0
TXN03003,AP0835,2024-11-06,Big Bazaar,Utilities,3908.14
TXN03004,AP0478,2024-07-05,Zomato,Shopping,31719.73
TXN03005,AP0855,2023-05-11,IRCTC,Dining,9690.25
TXN03006,AP0783,2024-12-20,Uber,Travel,37252.28
TXN03007,AP0295,2024-10-18,Big Bazaar,Shopping,47253.02
TXN03008,AP0872,2023-05-22,Flipkart,Shopping,7021.65
TXN03009,AP0810,2024-03-20,Flipkart,Dining,39538.97
TXN03010,AP0605,2024-01-24,Myntra,Dining,15746.72
TXN03011,AP0525,2024-01-15,Swiggy,Shopping,21926.79
TXN03012,AP0575,2024-04-15,Flipkart,Travel,43616.35
TXN03013,AP0728,2024-01-14,Ola,Dining,45645.75
TXN03014,AP0201,2023-01-07,IRCTC,Utilities,19050.82
TXN03015,AP0090,2023-06-25,Swiggy,Travel,715.67
TXN03016,AP0942,2023-11-03,MakeMyTrip,Shopping,8369.38
TXN03017,AP0497,2024-09-02,Swiggy,Shopping,40276.37
TXN03018,AP0355,2025-03-31,Ola,Travel,7566.53
TXN03019,AP0907,2023-01-21,Zomato,Dining,22001.08
TXN03020,AP0696,2025-03-03,IRCTC,Dining,12471.15
TXN03021,AP0345,2023-03-21,Amazon,Dining,24609.55
TXN03022,AP0238,2025-03-03,Flipkart,Dining,16364.27
TXN03023,AP0553,2023-06-28,Amazon,Dining,16984.19
TXN03024,AP0441,2025-03-19,Flipkart,Entertainment,28919.82
TXN03025,AP0978,2025-02-08,IRCTC,Utilities,44871.47
TXN03026,AP0550,2024-06-23,Ola,Utilities,8302.65
TXN03027,AP0229,2024-02-04,Ola,Groceries,7708.29
TXN03028,AP0913,2024-06-30,Myntra,Dining,2456.46
TXN03029,AP0781,2023-10-03,Flipkart,Shopping,43304.53
TXN03030,AP0122,2025-02-03,IRCTC,Dining,18613.85
TXN03031,AP0601,2024-07-11,MakeMyTrip,Shopping,23635.53
TXN03032,AP0130,2023-07-06,MakeMyTrip,Shopping,1982.68
TXN03033,AP0035,2024-04-05,Flipkart,Utilities,23019.19
TXN03034,AP0706,2024-07-21,Uber,Shopping,18846.54
TXN03035,AP0031,2025-02-10,Flipkart,Travel,25257.0
TXN03036,AP0123,2023-11-24,Myntra,Travel,3130.07
TXN03037,AP0635,2023-03-11,Flipkart,Entertainment,31268.82
TXN03038,AP0149,2024-01-14,Swiggy,Travel,2631.3
TXN03039,AP0513,2024-02-12,Myntra,Dining,38409.21
TXN03040,AP0123,2024-11-23,Flipkart,Groceries,45468.4
TXN03041,AP0465,2023-08-31,Zomato,Shopping,27466.35
TXN03042,AP0211,2024-02-03,Zomato,Utilities,21022.99
TXN03043,AP0561,2023-04-16,Ola,Shopping,44766.96
TXN03044,AP0845,2023-11-27,Uber,Utilities,8535.95
TXN03045,AP0074,2024-09-03,IRCTC,Groceries,2377.27
TXN03046,AP0636,2023-08-31,Flipkart,Groceries,44366.62
TXN03047,AP0055,2023-01-19,Flipkart,Travel,28720.3
TXN03048,AP0374,2023-09-14,Flipkart,Shopping,35245.5
TXN03049,AP0629,2023-10-06,MakeMyTrip,Groceries,27353.81
TXN03050,AP0422,2024-12-09,Zomato,Entertainment,7045.12
TXN03051,AP0214,2023-01-30,Myntra,Groceries,2969.79
TXN03052,AP0146,2024-11-26,Myntra,Groceries,32377.26
TXN03053,AP0657,2023-10-28,Myntra,Entertainment,10023.92
TXN03054,AP0838,2023-04-18,Amazon,Groceries,6001.32
TXN03055,AP0112,2025-01-01,Swiggy,Shopping,38340.92
TXN03056,AP0064,2024-11-11,Ola,Shopping,6348.41
TXN03057,AP0776,2024-12-07,MakeMyTrip,Shopping,40639.77
TXN03058,AP0678,2024-05-09,Uber,Travel,48423.19
TXN03059,AP0338,2025-03-08,Myntra,Utilities,19748.55
TXN03060,AP0556,2023-04-17,Amazon,Groceries,20838.97
TXN03061,AP0353,2024-07-29,MakeMyTrip,Entertainment,43861.49
TXN03062,AP0526,2023-05-11,Swiggy,Entertainment,36703.52
TXN03063,AP0741,2025-03-19,Swiggy,Shopping,38936.88
TXN03064,AP0588,2023-05-01,MakeMyTrip,Groceries,45289.67
TXN03065,AP0436,2024-12-06,IRCTC,Groceries,10070.22
TXN03066,AP0975,2023-10-01,IRCTC,Entertainment,3485.11
TXN03067,AP0764,2024-02-16,Ola,Entertainment,35259.94
TXN03068,AP0466,2023-03-05,Amazon,Dining,2763.71
TXN03069,AP0457,2024-04-04,Zomato,Travel,2869.28
TXN03070,AP0454,2023-03-08,IRCTC,Shopping,20408.8
TXN03071,AP0841,2024-11-05,Flipkart,Groceries,31450.94
TXN03072,AP0128,2023-05-31,Ola,Shopping,18083.1
TXN03073,AP0946,2024-04-22,Uber,Travel,6987.62
TXN03074,AP0448,2023-01-20,Big Bazaar,Utilities,19936.1
TXN03075,AP0239,2025-03-30,Uber,Groceries,43644.84
TXN03076,AP0824,2024-07-09,IRCTC,Utilities,41870.62
TXN03077,AP0855,2023-10-12,Myntra,Utilities,37060.64
TXN03078,AP0932,2025-03-05,IRCTC,Entertainment,32407.61
TXN03079,AP0375,2023-05-26,MakeMyTrip,Entertainment,30173.73
TXN03080,AP0280,2023-01-20,Swiggy,Travel,12557.09
TXN03081,AP0804,2023-02-03,Swiggy,Shopping,26938.83
TXN03082,AP0559,2023-12-04,MakeMyTrip,Utilities,40729.49
TXN03083,AP0819,2024-01-31,IRCTC,Shopping,39439.45
TXN03084,AP0978,2023-04-02,Big Bazaar,Utilities,9607.3
TXN03085,AP0601,2024-03-04,IRCTC,Travel,46291.66
TXN03086,AP0201,2023-07-29,Zomato,Utilities,22476.67
TXN03087,AP0154,2024-12-18,Ola,Groceries,32569.57
TXN03088,AP0971,2023-09-07,IRCTC,Travel,31792.86
TXN03089,AP0737,2023-12-05,Zomato,Utilities,27772.81
TXN03090,AP0996,2024-08-28,Amazon,Shopping,4209.9
TXN03091,AP0943,2023-06-29,Zomato,Utilities,26077.16
TXN03092,AP0236,2025-02-11,Zomato,Utilities,28634.87
TXN03093,AP0959,2024-11-26,MakeMyTrip,Shopping,4287.32
TXN03094,AP0393,2023-11-26,Uber,Utilities,45887.23
TXN03095,AP0593,2023-05-10,Swiggy,Dining,11228.13
TXN03096,AP0476,2024-01-23,Ola,Groceries,29105.29
TXN03097,AP0047,2023-07-30,Swiggy,Travel,45313.91
TXN03098,AP0139,2023-06-19,Myntra,Entertainment,5453.72
TXN03099,AP0116,2024-11-22,Zomato,Utilities,13594.87
TXN03100,AP0250,2024-02-04,Flipkart,Shopping,12404.38
TXN03101,AP0396,2025-03-09,IRCTC,Shopping,36983.66
TXN03102,AP0249,2023-07-23,Amazon,Dining,615.2
TXN03103,AP0376,2023-04-27,Flipkart,Entertainment,30948.76
TXN03104,AP0995,2024-10-19,MakeMyTrip,Dining,16009.76
TXN03105,AP0687,2024-06-03,MakeMyTrip,Shopping,42508.74
TXN03106,AP0187,2023-10-24,Uber,Travel,17599.49
TXN03107,AP0939,2023-03-28,Ola,Dining,21721.58
TXN03108,AP0966,2023-03-22,Big Bazaar,Shopping,1806.8
TXN03109,AP0537,2024-11-12,Big Bazaar,Entertainment,24993.19
TXN03110,AP0240,2025-03-30,Myntra,Entertainment,8701.68
TXN03111,AP0009,2024-11-21,Big Bazaar,Shopping,8865.7
TXN03112,AP0905,2024-05-13,IRCTC,Travel,44275.39
TXN03113,AP0960,2024-04-25,MakeMyTrip,Shopping,36801.69
TXN03114,AP0707,2025-03-18,Ola,Entertainment,2197.47
TXN03115,AP0846,2024-01-27,Myntra,Dining,15380.26
TXN03116,AP0878,2024-01-27,IRCTC,Entertainment,24912.74
TXN03117,AP0690,2025-02-17,Swiggy,Entertainment,48797.17
TXN03118,AP0368,2023-04-22,MakeMyTrip,Travel,29818.22
TXN03119,AP0653,2024-11-30,Myntra,Dining,41901.43
TXN03120,AP0010,2023-01-05,Amazon,Travel,38107.68
TXN03121,AP0015,2025-01-22,Ola,Shopping,13643.01
TXN03122,AP0598,2023-09-20,Myntra,Dining,3195.88
TXN03123,AP0281,2025-01-31,Big Bazaar,Travel,29139.51
TXN03124,AP0498,2023-10-17,Amazon,Shopping,18426.63
TXN03125,AP0520,2023-05-25,Zomato,Groceries,35721.86
TXN03126,AP0173,2023-05-02,MakeMyTrip,Travel,26992.74
TXN03127,AP0580,2024-07-28,Zomato,Utilities,21949.62
TXN03128,AP0421,2025-01-14,Flipkart,Entertainment,10282.6
TXN03129,AP0376,2023-11-01,Flipkart,Groceries,11717.93
TXN03130,AP0217,2023-05-02,Swiggy,Travel,9809.67
TXN03131,AP0705,2024-10-20,Flipkart,Entertainment,30208.9
TXN03132,AP0484,2023-08-01,Zomato,Travel,6185.07
TXN03133,AP0106,2025-04-01,Swiggy,Travel,30995.61
TXN03134,AP0424,2024-04-01,Uber,Dining,33822.71
TXN03135,AP0486,2024-01-10,IRCTC,Groceries,36298.88
TXN03136,AP0116,2023-04-29,Amazon,Entertainment,41765.63
TXN03137,AP0016,2023-02-25,Uber,Utilities,788.88
TXN03138,AP0040,2024-08-30,Big Bazaar,Dining,5301.54
TXN03139,AP0494,2023-10-24,Big Bazaar,Travel,49670.54
TXN03140,AP0380,2024-12-02,Amazon,Shopping,44925.79
TXN03141,AP0459,2023-12-04,IRCTC,Groceries,6232.08
TXN03142,AP0945,2024-04-16,Uber,Travel,37447.44
TXN03143,AP0655,2024-05-25,Zomato,Utilities,18428.27
TXN03144,AP0906,2023-02-16,Amazon,Travel,34541.71
TXN03145,AP0852,2024-07-23,IRCTC,Shopping,4031.06
TXN03146,AP0663,2024-04-06,Swiggy,Utilities,26108.36
TXN03147,AP0617,2023-05-06,Big Bazaar,Utilities,17602.96
TXN03148,AP0915,2024-07-18,Swiggy,Dining,23175.79
TXN03149,AP0606,2025-01-21,MakeMyTrip,Shopping,42729.26
TXN03150,AP0319,2024-03-12,Amazon,Entertainment,42549.84
TXN03151,AP0331,2024-08-27,Swiggy,Travel,45486.84
TXN03152,AP0643,2023-04-06,Swiggy,Groceries,19685.9
TXN03153,AP0167,2023-07-13,MakeMyTrip,Shopping,44775.73
TXN03154,AP0515,2023-11-02,Myntra,Dining,121.23
TXN03155,AP0858,2025-01-04,Uber,Shopping,44615.76
TXN03156,AP0063,2024-09-07,Big Bazaar,Groceries,26366.88
TXN03157,AP0588,2023-04-20,Swiggy,Utilities,45185.46
TXN03158,AP0544,2024-07-16,Amazon,Dining,29743.86
TXN03159,AP0969,2024-01-28,Zomato,Travel,21767.91
TXN03160,AP0273,2023-06-09,Flipkart,Utilities,32895.25
TXN03161,AP0528,2023-02-20,Zomato,Shopping,15902.16
TXN03162,AP0144,2024-11-07,Ola,Groceries,6151.12
TXN03163,AP0052,2023-04-21,Flipkart,Utilities,44901.55
TXN03164,AP0458,2024-07-27,Flipkart,Travel,44241.1
TXN03165,AP0734,2024-11-01,Flipkart,Shopping,9713.6
TXN03166,AP0293,2024-09-20,Uber,Travel,25772.23
TXN03167,AP0749,2023-10-20,Big Bazaar,Shopping,13669.48
TXN03168,AP0456,2023-09-07,Zomato,Utilities,27333.9
TXN03169,AP0882,2024-01-22,Uber,Travel,41372.05
TXN03170,AP0537,2024-05-31,IRCTC,Shopping,4114.25
TXN03171,AP0707,2024-07-07,Myntra,Dining,49210.82
TXN03172,AP0057,2023-11-02,Big Bazaar,Travel,29253.97
TXN03173,AP0902,2025-03-12,IRCTC,Utilities,3150.29
TXN03174,AP0095,2025-03-01,Uber,Shopping,4158.54
TXN03175,AP0742,2024-01-16,MakeMyTrip,Shopping,30919.41
TXN03176,AP0165,2023-08-27,Big Bazaar,Entertainment,25074.46
TXN03177,AP0645,2025-03-06,Swiggy,Shopping,39318.95
TXN03178,AP0733,2024-02-16,Myntra,Entertainment,16042.37
TXN03179,AP0747,2024-05-14,MakeMyTrip,Dining,42954.6
TXN03180,AP0449,2023-10-31,IRCTC,Entertainment,47567.67
TXN03181,AP0467,2023-10-11,IRCTC,Utilities,48346.67
TXN03182,AP0023,2024-12-27,Zomato,Travel,22653.71
TXN03183,AP0050,2023-07-30,Flipkart,Entertainment,47239.0
TXN03184,AP0930,2024-03-02,Big Bazaar,Shopping,31301.27
TXN03185,AP0549,2024-11-22,IRCTC,Dining,32296.62
TXN03186,AP0923,2023-02-03,Swiggy,Travel,741.19
TXN03187,AP0513,2023-05-23,IRCTC,Utilities,45771.39
TXN03188,AP0056,2024-11-20,MakeMyTrip,Groceries,44836.44
TXN03189,AP0035,2023-04-27,Amazon,Entertainment,35958.61
TXN03190,AP0124,2025-02-27,Big Bazaar,Travel,42615.42
TXN03191,AP0416,2023-02-25,MakeMyTrip,Shopping,26995.82
TXN03192,AP0887,2024-12-02,Ola,Utilities,29326.59
TXN03193,AP0582,2024-10-19,Flipkart,Groceries,10606.33
TXN03194,AP0066,2023-03-01,IRCTC,Dining,12914.57
TXN03195,AP0926,2023-11-01,Uber,Utilities,36294.77
TXN03196,AP0134,2023-02-17,Ola,Travel,18790.84
TXN03197,AP0080,2024-01-28,Amazon,Dining,36285.87
TXN03198,AP0668,2024-09-15,IRCTC,Dining,28558.02
TXN03199,AP0693,2023-07-06,Swiggy,Utilities,33808.7
TXN03200,AP0970,2023-03-30,MakeMyTrip,Dining,15133.53
TXN03201,AP0229,2024-12-17,Ola,Groceries,8909.06
TXN03202,AP0866,2023-07-04,Uber,Travel,38173.96
TXN03203,AP0249,2023-12-08,MakeMyTrip,Entertainment,17347.25
TXN03204,AP0205,2024-10-20,Big Bazaar,Dining,20010.02
TXN03205,AP0116,2024-01-05,MakeMyTrip,Groceries,36157.49
TXN03206,AP0024,2024-01-02,Ola,Groceries,43492.82
TXN03207,AP0447,2024-07-30,Big Bazaar,Utilities,35299.6
TXN03208,AP0315,2023-11-21,Zomato,Entertainment,13833.05
TXN03209,AP0085,2023-10-13,Zomato,Shopping,39280.77
TXN03210,AP0462,2024-02-18,Ola,Groceries,45752.98
TXN03211,AP0293,2024-12-17,Myntra,Groceries,25790.09
TXN03212,AP0803,2024-11-17,Uber,Shopping,339.71
TXN03213,AP0210,2024-06-06,Myntra,Utilities,8663.16
TXN03214,AP0944,2023-02-26,MakeMyTrip,Dining,27615.41
TXN03215,AP0564,2024-05-01,Amazon,Utilities,14761.79
TXN03216,AP0979,2024-08-09,Swiggy,Groceries,45924.09
TXN03217,AP0190,2023-05-30,Myntra,Shopping,43516.96
TXN03218,AP0248,2025-01-25,MakeMyTrip,Groceries,11779.17
TXN03219,AP0100,2023-06-02,Zomato,Shopping,17394.23
TXN03220,AP0748,2023-04-23,Swiggy,Shopping,24895.3
TXN03221,AP0844,2025-01-15,Flipkart,Utilities,38509.85
TXN03222,AP0870,2023-03-25,Flipkart,Entertainment,49834.03
TXN03223,AP0781,2024-06-29,Amazon,Entertainment,15454.48
TXN03224,AP0756,2024-04-07,Ola,Dining,2575.29
TXN03225,AP0447,2023-03-30,Swiggy,Shopping,21486.46
TXN03226,AP0342,2023-01-28,Amazon,Shopping,6456.68
TXN03227,AP0014,2023-01-09,MakeMyTrip,Entertainment,33239.75
TXN03228,AP0806,2024-03-23,MakeMyTrip,Travel,17614.98
TXN03229,AP0522,2023-05-27,Myntra,Dining,47724.83
TXN03230,AP0257,2023-06-18,Big Bazaar,Groceries,5215.72
TXN03231,AP0550,2024-05-19,IRCTC,Shopping,45800.48
TXN03232,AP0281,2023-11-26,IRCTC,Shopping,42778.54
TXN03233,AP0598,2024-10-22,MakeMyTrip,Shopping,21974.15
TXN03234,AP0485,2023-08-18,Swiggy,Groceries,37983.76
TXN03235,AP0743,2024-10-21,Swiggy,Travel,48263.05
TXN03236,AP0555,2023-06-30,Swiggy,Shopping,9353.79
TXN03237,AP0539,2024-08-18,Flipkart,Travel,48600.95
TXN03238,AP0867,2023-10-31,Myntra,Travel,21470.55
TXN03239,AP0232,2024-05-31,IRCTC,Travel,6307.92
TXN03240,AP0009,2024-06-03,Swiggy,Dining,24893.48
TXN03241,AP0533,2023-05-13,Big Bazaar,Dining,17603.22
TXN03242,AP0064,2024-07-16,Big Bazaar,Travel,48508.58
TXN03243,AP0469,2024-12-30,Ola,Dining,28416.99
TXN03244,AP0896,2023-02-06,Big Bazaar,Entertainment,41991.15
TXN03245,AP0433,2023-12-23,Zomato,Shopping,12120.52
TXN03246,AP0114,2023-03-13,Myntra,Entertainment,43192.53
TXN03247,AP0273,2024-02-01,Amazon,Dining,13279.26
TXN03248,AP0413,2023-12-27,Amazon,Shopping,36723.76
TXN03249,AP0919,2023-01-13,Big Bazaar,Entertainment,49111.7
TXN03250,AP0460,2025-01-25,Flipkart,Entertainment,18738.54
TXN03251,AP0493,2024-10-12,Amazon,Shopping,8952.6
TXN03252,AP0377,2023-08-16,Amazon,Groceries,23087.9
TXN03253,AP0950,2024-10-25,Big Bazaar,Utilities,33117.62
TXN03254,AP0551,2023-04-04,Swiggy,Entertainment,37710.16
TXN03255,AP0622,2023-01-10,Swiggy,Entertainment,30442.14
TXN03256,AP0613,2024-05-19,Zomato,Travel,36440.18
TXN03257,AP0848,2024-09-04,Ola,Entertainment,9103.78
TXN03258,AP0320,2023-12-19,Swiggy,Dining,22618.52
TXN03259,AP0175,2024-03-27,Ola,Utilities,27298.66
TXN03260,AP0965,2024-01-01,Ola,Travel,20338.09
TXN03261,AP0056,2025-02-20,Big Bazaar,Travel,29579.47
TXN03262,AP0701,2023-01-03,Amazon,Groceries,4973.33
TXN03263,AP0579,2024-05-23,IRCTC,Shopping,11486.03
TXN03264,AP0654,2024-03-23,MakeMyTrip,Dining,18881.34
TXN03265,AP0698,2023-12-08,IRCTC,Groceries,21903.11
TXN03266,AP0065,2024-10-15,Uber,Groceries,41686.15
TXN03267,AP0961,2024-04-13,Uber,Dining,16365.66
TXN03268,AP0951,2024-08-29,Ola,Shopping,27491.64
TXN03269,AP0507,2024-05-24,Uber,Dining,12835.56
TXN03270,AP0565,2023-04-25,MakeMyTrip,Entertainment,2515.69
TXN03271,AP0149,2025-01-01,Amazon,Dining,42282.78
TXN03272,AP0105,2023-12-29,Ola,Dining,31099.42
TXN03273,AP0208,2024-09-08,MakeMyTrip,Travel,22966.85
TXN03274,AP0126,2024-05-11,Big Bazaar,Utilities,23404.86
TXN03275,AP0447,2024-02-28,Myntra,Travel,18700.29
TXN03276,AP0026,2025-02-07,Zomato,Groceries,7244.96
TXN03277,AP0599,2024-08-20,IRCTC,Travel,5501.81
TXN03278,AP0391,2025-03-30,Flipkart,Dining,21191.12
TXN03279,AP0652,2025-01-05,Flipkart,Shopping,39193.11
TXN03280,AP0111,2023-07-07,Big Bazaar,Shopping,26257.03
TXN03281,AP0897,2024-10-05,Zomato,Dining,48639.3
TXN03282,AP0959,2024-03-05,Ola,Travel,10947.17
TXN03283,AP0652,2023-01-15,Big Bazaar,Utilities,40383.57
TXN03284,AP0694,2024-08-06,MakeMyTrip,Groceries,46968.21
TXN03285,AP0753,2023-08-16,Uber,Groceries,49183.81
TXN03286,AP0788,2024-01-21,Ola,Entertainment,33006.05
TXN03287,AP0507,2025-01-11,Big Bazaar,Utilities,38013.61
TXN03288,AP0317,2023-08-28,Big Bazaar,Dining,43508.37
TXN03289,AP0742,2024-11-03,Flipkart,Shopping,34699.44
TXN03290,AP0007,2024-02-06,Flipkart,Dining,23002.76
TXN03291,AP0678,2023-09-07,Ola,Groceries,39186.93
TXN03292,AP0539,2024-12-30,Uber,Travel,45097.43
TXN03293,AP0903,2023-04-08,IRCTC,Dining,4308.63
TXN03294,AP0107,2024-11-29,Swiggy,Groceries,1616.34
TXN03295,AP0559,2024-02-08,Ola,Entertainment,25295.13
TXN03296,AP0620,2023-01-31,Myntra,Groceries,1699.45
TXN03297,AP0894,2023-01-06,IRCTC,Dining,27328.77
TXN03298,AP0144,2025-01-08,Amazon,Groceries,23786.89
TXN03299,AP0946,2024-05-01,Big Bazaar,Dining,30917.22
TXN03300,AP0319,2024-09-01,Uber,Travel,22847.4
TXN03301,AP0234,2023-03-25,MakeMyTrip,Entertainment,47275.1
TXN03302,AP0547,2024-11-01,Flipkart,Entertainment,48202.98
TXN03303,AP0124,2024-08-12,MakeMyTrip,Shopping,10788.26
TXN03304,AP0522,2024-05-05,Uber,Utilities,7983.9
TXN03305,AP0745,2023-12-04,Ola,Shopping,46100.0
TXN03306,AP0234,2024-11-16,Zomato,Travel,48632.58
TXN03307,AP0814,2023-06-25,Myntra,Utilities,22257.25
TXN03308,AP0322,2023-04-08,Amazon,Utilities,9768.66
TXN03309,AP0024,2024-11-16,Myntra,Groceries,45265.16
TXN03310,AP0400,2024-07-10,Ola,Dining,14422.15
TXN03311,AP0417,2023-03-05,IRCTC,Travel,24284.78
TXN03312,AP0003,2023-08-22,Zomato,Travel,15929.16
TXN03313,AP0829,2025-03-12,Zomato,Travel,44053.53
TXN03314,AP0172,2025-03-30,Flipkart,Dining,36641.48
TXN03315,AP0547,2024-05-05,Myntra,Utilities,10933.79
TXN03316,AP0637,2025-02-06,Zomato,Utilities,43417.43
TXN03317,AP0861,2025-03-06,Amazon,Shopping,39992.27
TXN03318,AP0901,2023-11-11,Ola,Utilities,31891.03
TXN03319,AP0702,2024-04-16,Uber,Entertainment,27652.48
TXN03320,AP0051,2023-05-14,Swiggy,Groceries,39098.42
TXN03321,AP0832,2024-01-17,Amazon,Groceries,26754.13
TXN03322,AP0762,2025-03-25,Uber,Entertainment,23515.14
TXN03323,AP0603,2024-04-17,Flipkart,Dining,40875.35
TXN03324,AP0168,2023-08-02,Myntra,Entertainment,48905.64
TXN03325,AP0058,2023-12-15,IRCTC,Dining,32780.52
TXN03326,AP0060,2024-06-11,Amazon,Groceries,26047.39
TXN03327,AP0042,2023-09-05,Big Bazaar,Utilities,14722.19
TXN03328,AP0151,2024-10-07,Myntra,Groceries,45151.79
TXN03329,AP0635,2024-12-11,Flipkart,Dining,49617.65
TXN03330,AP0696,2024-11-06,Amazon,Utilities,22729.99
TXN03331,AP0314,2024-02-27,IRCTC,Groceries,8938.91
TXN03332,AP0262,2023-08-11,Flipkart,Utilities,5027.46
TXN03333,AP0968,2024-12-29,Uber,Groceries,3763.75
TXN03334,AP0105,2024-05-17,Flipkart,Utilities,16490.73
TXN03335,AP0535,2023-12-11,Myntra,Travel,48824.5
TXN03336,AP0117,2023-11-06,Zomato,Travel,24925.36
TXN03337,AP0718,2024-02-01,Uber,Shopping,15545.81
TXN03338,AP0704,2024-05-31,Flipkart,Shopping,17959.61
TXN03339,AP0375,2023-10-20,Flipkart,Groceries,43083.3
TXN03340,AP0817,2025-02-01,Flipkart,Entertainment,18922.33
TXN03341,AP0191,2024-03-29,Flipkart,Entertainment,18056.69
TXN03342,AP0141,2024-03-14,Ola,Shopping,23272.5
TXN03343,AP0690,2025-02-26,Amazon,Utilities,47085.5
TXN03344,AP0328,2024-05-18,Amazon,Groceries,831.2
TXN03345,AP0491,2025-01-14,Amazon,Shopping,24841.54
TXN03346,AP0426,2024-09-14,IRCTC,Groceries,32022.88
TXN03347,AP0276,2024-09-19,Zomato,Groceries,7958.7
TXN03348,AP0034,2023-12-13,Swiggy,Shopping,17927.86
TXN03349,AP0825,2023-04-16,Uber,Shopping,40864.35
TXN03350,AP0016,2023-11-11,Uber,Shopping,44893.64
TXN03351,AP0125,2024-11-25,Uber,Dining,27143.51
TXN03352,AP0071,2023-09-03,MakeMyTrip,Travel,45269.65
TXN03353,AP0324,2023-10-20,Big Bazaar,Dining,24808.49
TXN03354,AP0613,2025-01-17,Myntra,Shopping,32285.9
TXN03355,AP0004,2024-02-27,IRCTC,Shopping,9632.7
TXN03356,AP0890,2023-09-07,Swiggy,Utilities,43652.75
TXN03357,AP0010,2024-07-15,Uber,Dining,21045.94
TXN03358,AP0522,2024-08-01,Amazon,Dining,5402.94
TXN03359,AP0722,2025-01-01,Big Bazaar,Entertainment,8532.49
TXN03360,AP0913,2024-01-16,Amazon,Utilities,24274.1
TXN03361,AP0046,2024-02-14,Uber,Utilities,28502.55
TXN03362,AP0419,2024-05-18,Zomato,Shopping,36587.86
TXN03363,AP0463,2023-11-24,Zomato,Groceries,36856.38
TXN03364,AP0413,2023-09-22,Zomato,Groceries,15939.5
TXN03365,AP0126,2023-12-05,Swiggy,Travel,36100.95
TXN03366,AP0967,2025-03-02,Big Bazaar,Shopping,9077.06
TXN03367,AP0978,2024-11-05,Ola,Utilities,44198.6
TXN03368,AP0122,2024-07-16,Ola,Shopping,2970.12
TXN03369,AP0397,2023-11-13,Flipkart,Shopping,34910.68
TXN03370,AP0470,2024-11-07,MakeMyTrip,Dining,43689.65
TXN03371,AP0222,2024-07-15,Zomato,Entertainment,38736.0
TXN03372,AP0367,2025-02-06,Big Bazaar,Dining,25251.55
TXN03373,AP0738,2024-10-12,Myntra,Travel,785.21
TXN03374,AP0411,2024-12-13,MakeMyTrip,Entertainment,12643.11
TXN03375,AP0370,2024-03-18,Zomato,Entertainment,12358.58
TXN03376,AP0305,2025-01-19,Ola,Groceries,39372.19
TXN03377,AP0122,2023-04-08,MakeMyTrip,Entertainment,25253.82
TXN03378,AP0214,2023-10-31,Myntra,Travel,21057.72
TXN03379,AP0767,2023-05-14,Amazon,Groceries,21128.74
TXN03380,AP0778,2024-10-03,Swiggy,Entertainment,44858.72
TXN03381,AP0788,2025-02-28,Amazon,Entertainment,21239.91
TXN03382,AP0246,2024-07-06,MakeMyTrip,Entertainment,30171.96
TXN03383,AP0250,2023-07-25,Uber,Groceries,17818.76
TXN03384,AP0690,2024-01-15,Amazon,Groceries,31462.77
TXN03385,AP0587,2023-05-18,IRCTC,Travel,20498.9
TXN03386,AP0181,2023-12-10,Swiggy,Utilities,10321.96
TXN03387,AP0494,2023-12-11,MakeMyTrip,Dining,11583.75
TXN03388,AP0659,2024-12-30,Amazon,Shopping,31281.41
TXN03389,AP0035,2024-08-13,Swiggy,Utilities,7991.39
TXN03390,AP0795,2024-07-29,Zomato,Entertainment,48916.08
TXN03391,AP0748,2023-09-27,Myntra,Entertainment,19881.55
TXN03392,AP0798,2023-10-17,Myntra,Travel,34506.96
TXN03393,AP0167,2023-04-25,Swiggy,Travel,40356.37
TXN03394,AP0781,2024-06-30,Big Bazaar,Dining,36393.72
TXN03395,AP0746,2023-12-23,Zomato,Utilities,38458.62
TXN03396,AP0379,2024-10-26,Zomato,Travel,40924.44
TXN03397,AP0424,2025-01-08,Zomato,Entertainment,23697.31
TXN03398,AP0645,2024-06-10,Flipkart,Groceries,23067.54
TXN03399,AP0399,2024-09-23,MakeMyTrip,Entertainment,27891.29
TXN03400,AP0349,2024-09-14,Flipkart,Utilities,21510.46
TXN03401,AP0784,2023-01-23,Myntra,Groceries,6274.46
TXN03402,AP0302,2024-05-23,Swiggy,Shopping,41987.54
TXN03403,AP0542,2023-01-11,Swiggy,Dining,1047.55
TXN03404,AP0406,2023-01-07,Myntra,Entertainment,43502.14
TXN03405,AP0562,2023-01-05,IRCTC,Groceries,1926.95
TXN03406,AP0886,2024-09-14,Myntra,Groceries,16674.71
TXN03407,AP0202,2024-04-17,Zomato,Groceries,23002.5
TXN03408,AP0734,2024-01-23,IRCTC,Groceries,6775.62
TXN03409,AP0633,2024-07-24,Big Bazaar,Entertainment,2388.65
TXN03410,AP0571,2023-05-13,Ola,Shopping,7868.78
TXN03411,AP0610,2023-11-14,IRCTC,Groceries,10640.32
TXN03412,AP0183,2023-12-31,Amazon,Entertainment,201.49
TXN03413,AP0406,2023-06-12,MakeMyTrip,Utilities,8311.57
TXN03414,AP0904,2023-12-24,Amazon,Dining,4935.51
TXN03415,AP0612,2024-11-18,Flipkart,Shopping,3771.58
TXN03416,AP0683,2025-04-01,Myntra,Shopping,20608.43
TXN03417,AP0339,2023-07-04,Ola,Utilities,30442.8
TXN03418,AP0218,2023-04-07,MakeMyTrip,Groceries,20797.51
TXN03419,AP0935,2024-12-07,Flipkart,Utilities,29140.21
TXN03420,AP0432,2025-02-26,IRCTC,Shopping,46218.56
TXN03421,AP0142,2025-03-20,MakeMyTrip,Groceries,33037.84
TXN03422,AP0357,2025-02-24,Swiggy,Dining,241.81
TXN03423,AP0129,2023-06-21,MakeMyTrip,Travel,37646.7
TXN03424,AP0841,2023-09-30,Myntra,Groceries,34514.38
TXN03425,AP0712,2024-09-04,Zomato,Groceries,46067.35
TXN03426,AP0158,2024-08-09,Ola,Entertainment,26174.42
TXN03427,AP0988,2024-08-18,Uber,Entertainment,27365.73
TXN03428,AP0432,2023-11-08,MakeMyTrip,Shopping,38462.8
TXN03429,AP0846,2024-05-30,Amazon,Travel,12034.07
TXN03430,AP0572,2024-01-17,Swiggy,Groceries,46283.85
TXN03431,AP0133,2023-09-01,Big Bazaar,Entertainment,24018.03
TXN03432,AP0051,2023-10-15,IRCTC,Dining,45575.67
TXN03433,AP0067,2025-02-14,MakeMyTrip,Groceries,48713.06
TXN03434,AP0798,2023-02-28,Swiggy,Dining,15962.61
TXN03435,AP0347,2023-09-22,Uber,Groceries,37364.61
TXN03436,AP0620,2023-06-20,Flipkart,Shopping,35722.72
TXN03437,AP0598,2023-02-06,Uber,Dining,12634.67
TXN03438,AP0987,2024-09-13,Zomato,Entertainment,1346.93
TXN03439,AP0286,2023-07-08,MakeMyTrip,Dining,47617.53
TXN03440,AP0005,2024-12-01,Amazon,Travel,8131.85
TXN03441,AP0185,2024-07-07,Ola,Dining,46285.32
TXN03442,AP0497,2024-03-09,MakeMyTrip,Travel,5849.46
TXN03443,AP0242,2024-02-29,IRCTC,Dining,34485.07
TXN03444,AP0954,2023-06-11,Amazon,Travel,22884.94
TXN03445,AP0773,2025-03-18,Amazon,Dining,16777.98
TXN03446,AP0899,2025-03-20,Amazon,Shopping,4223.66
TXN03447,AP0509,2023-04-26,Flipkart,Dining,24641.87
TXN03448,AP0832,2023-10-25,IRCTC,Groceries,11992.87
TXN03449,AP0107,2023-11-23,Big Bazaar,Utilities,38295.43
TXN03450,AP0365,2025-01-17,Swiggy,Travel,45508.2
TXN03451,AP0487,2023-03-27,Big Bazaar,Groceries,8819.53
TXN03452,AP0689,2024-09-05,Amazon,Utilities,5653.01
TXN03453,AP0521,2024-06-12,Flipkart,Groceries,34582.99
TXN03454,AP0446,2023-05-28,Uber,Shopping,28239.27
TXN03455,AP0688,2023-03-31,Zomato,Entertainment,49425.54
TXN03456,AP0607,2023-08-21,Uber,Utilities,38434.64
TXN03457,AP0627,2024-12-27,Ola,Entertainment,39809.13
TXN03458,AP0377,2024-12-09,Myntra,Shopping,28767.8
TXN03459,AP0646,2023-08-20,IRCTC,Entertainment,15799.1
TXN03460,AP0898,2024-08-28,Ola,Travel,17569.32
TXN03461,AP0215,2024-04-09,Flipkart,Utilities,33115.98
TXN03462,AP0487,2024-06-04,Flipkart,Dining,21471.92
TXN03463,AP0623,2024-12-22,MakeMyTrip,Dining,24364.01
TXN03464,AP0812,2024-12-30,Uber,Travel,31780.41
TXN03465,AP0794,2023-01-03,Swiggy,Utilities,11606.7
TXN03466,AP0791,2023-02-22,Uber,Entertainment,15451.92
TXN03467,AP0678,2023-12-17,Swiggy,Dining,5033.86
TXN03468,AP0013,2024-08-30,Uber,Dining,3018.6
TXN03469,AP0237,2023-12-09,Flipkart,Groceries,17130.02
TXN03470,AP0291,2023-11-03,Myntra,Shopping,28521.33
TXN03471,AP0617,2023-12-24,Flipkart,Shopping,21890.53
TXN03472,AP0514,2023-04-07,Swiggy,Utilities,4259.87
TXN03473,AP0134,2024-07-07,Myntra,Dining,37158.37
TXN03474,AP0692,2024-12-04,Zomato,Groceries,15785.02
TXN03475,AP0234,2024-03-14,Myntra,Shopping,27571.05
TXN03476,AP0388,2024-06-05,MakeMyTrip,Travel,12471.83
TXN03477,AP0494,2024-06-01,Zomato,Shopping,38080.6
TXN03478,AP0958,2023-07-31,Zomato,Entertainment,46050.47
TXN03479,AP0081,2025-03-27,Zomato,Travel,16030.02
TXN03480,AP0069,2024-08-07,IRCTC,Travel,29952.82
TXN03481,AP0076,2023-09-25,Zomato,Travel,42946.22
TXN03482,AP0620,2024-11-09,Amazon,Dining,18992.99
TXN03483,AP0218,2024-05-04,MakeMyTrip,Utilities,5249.06
TXN03484,AP0041,2023-02-15,Zomato,Dining,1489.31
TXN03485,AP0854,2023-05-04,Zomato,Shopping,39194.53
TXN03486,AP0865,2024-02-06,Swiggy,Dining,45613.18
TXN03487,AP0156,2023-12-13,Big Bazaar,Shopping,35080.31
TXN03488,AP0311,2024-07-17,Big Bazaar,Entertainment,32318.28
TXN03489,AP0779,2023-12-21,MakeMyTrip,Utilities,31284.97
TXN03490,AP0470,2023-04-02,Myntra,Shopping,13224.23
TXN03491,AP0058,2023-09-02,Uber,Travel,27035.09
TXN03492,AP0239,2024-02-13,Uber,Groceries,31182.74
TXN03493,AP0611,2023-07-13,IRCTC,Utilities,1332.74
TXN03494,AP0416,2023-11-24,Flipkart,Entertainment,49816.16
TXN03495,AP0961,2024-09-19,Ola,Shopping,35614.82
TXN03496,AP0843,2025-03-06,Swiggy,Utilities,14622.38
TXN03497,AP0297,2023-12-18,Swiggy,Utilities,26128.08
TXN03498,AP0924,2024-04-25,Amazon,Shopping,49912.29
TXN03499,AP0034,2023-08-06,Swiggy,Dining,47302.32
TXN03500,AP0810,2023-12-16,Zomato,Shopping,2141.04
TXN03501,AP0069,2024-01-25,IRCTC,Dining,37118.82
TXN03502,AP0670,2025-01-07,Zomato,Groceries,14334.07
TXN03503,AP0221,2023-12-16,MakeMyTrip,Groceries,34276.59
TXN03504,AP0834,2023-12-28,IRCTC,Shopping,40424.0
TXN03505,AP0416,2024-07-03,Big Bazaar,Entertainment,26070.13
TXN03506,AP0579,2024-07-03,MakeMyTrip,Travel,11510.42
TXN03507,AP0791,2023-12-04,Big Bazaar,Groceries,7003.24
TXN03508,AP0017,2023-12-31,Swiggy,Dining,40843.92
TXN03509,AP0615,2024-09-18,Myntra,Shopping,42835.45
TXN03510,AP0986,2023-12-13,IRCTC,Utilities,36420.08
TXN03511,AP0966,2024-03-05,IRCTC,Dining,37877.55
TXN03512,AP0975,2023-03-21,Flipkart,Utilities,29095.72
TXN03513,AP0719,2023-04-20,Myntra,Travel,36909.04
TXN03514,AP0407,2024-09-02,Uber,Dining,45403.87
TXN03515,AP0578,2023-10-27,Swiggy,Dining,49099.01
TXN03516,AP0344,2023-07-13,Ola,Groceries,18231.65
TXN03517,AP0271,2025-03-14,Swiggy,Travel,32096.69
TXN03518,AP0231,2024-04-30,Myntra,Utilities,20776.66
TXN03519,AP0396,2023-12-09,Zomato,Shopping,45642.35
TXN03520,AP0348,2024-07-29,IRCTC,Groceries,8621.57
TXN03521,AP0748,2024-11-21,Flipkart,Travel,24056.0
TXN03522,AP0722,2024-05-15,Zomato,Shopping,20962.56
TXN03523,AP0963,2023-05-29,Amazon,Travel,25548.13
TXN03524,AP0368,2025-03-01,IRCTC,Dining,40653.54
TXN03525,AP0819,2024-02-19,Big Bazaar,Dining,5505.59
TXN03526,AP0858,2025-02-18,Big Bazaar,Dining,27759.8
TXN03527,AP0711,2024-05-31,Swiggy,Entertainment,20705.52
TXN03528,AP0250,2025-02-06,IRCTC,Utilities,28149.4
TXN03529,AP0482,2024-01-01,Zomato,Entertainment,26813.39
TXN03530,AP0379,2024-05-01,Big Bazaar,Entertainment,23754.74
TXN03531,AP0820,2023-04-27,Flipkart,Dining,391.11
TXN03532,AP0626,2023-02-09,Ola,Groceries,16439.79
TXN03533,AP0114,2023-05-01,Big Bazaar,Dining,32332.13
TXN03534,AP0218,2024-06-19,Zomato,Groceries,9893.24
TXN03535,AP0317,2023-05-15,Uber,Groceries,36283.26
TXN03536,AP0203,2024-09-07,Big Bazaar,Shopping,16063.8
TXN03537,AP0345,2025-01-08,Amazon,Utilities,42355.49
TXN03538,AP0811,2023-07-15,Zomato,Utilities,39613.31
TXN03539,AP0092,2023-10-31,Flipkart,Shopping,43481.48
TXN03540,AP0902,2024-07-23,Zomato,Shopping,10922.5
TXN03541,AP0394,2023-06-10,Big Bazaar,Shopping,7520.9
TXN03542,AP0705,2024-06-29,Amazon,Groceries,23510.35
TXN03543,AP0049,2024-04-19,Ola,Shopping,48098.57
TXN03544,AP0122,2023-02-14,Amazon,Shopping,33479.47
TXN03545,AP0498,2023-11-28,MakeMyTrip,Entertainment,31636.08
TXN03546,AP0116,2024-03-15,MakeMyTrip,Entertainment,5771.16
TXN03547,AP0664,2023-07-07,Flipkart,Dining,35180.62
TXN03548,AP0013,2023-04-12,IRCTC,Travel,44616.2
TXN03549,AP0691,2024-08-02,Flipkart,Groceries,6164.75
TXN03550,AP0445,2023-08-28,Myntra,Travel,39517.03
TXN03551,AP0351,2023-04-11,MakeMyTrip,Entertainment,29906.97
TXN03552,AP0286,2023-01-03,Swiggy,Dining,6638.58
TXN03553,AP0528,2023-11-10,Uber,Travel,31143.87
TXN03554,AP0531,2025-03-14,IRCTC,Entertainment,17929.52
TXN03555,AP0550,2025-01-12,Ola,Dining,32248.28
TXN03556,AP0732,2023-09-23,Amazon,Shopping,24377.87
TXN03557,AP0766,2024-06-05,Swiggy,Groceries,49708.53
TXN03558,AP0698,2023-05-14,Flipkart,Shopping,394.55
TXN03559,AP0443,2023-06-01,Ola,Utilities,4946.69
TXN03560,AP0404,2024-06-26,Amazon,Groceries,23869.02
TXN03561,AP0918,2024-02-09,Big Bazaar,Shopping,15698.24
TXN03562,AP0646,2023-12-08,IRCTC,Dining,16967.4
TXN03563,AP0440,2024-09-28,Big Bazaar,Groceries,9216.63
TXN03564,AP0331,2023-09-02,Swiggy,Utilities,18727.42
TXN03565,AP0279,2024-08-25,Myntra,Entertainment,2927.71
TXN03566,AP0129,2023-02-10,MakeMyTrip,Travel,3043.97
TXN03567,AP0512,2023-01-12,Flipkart,Groceries,12152.78
TXN03568,AP0856,2023-11-17,Myntra,Travel,20859.21
TXN03569,AP0643,2023-12-25,Amazon,Dining,38139.0
TXN03570,AP0821,2024-09-16,Myntra,Dining,14565.24
TXN03571,AP0237,2024-04-18,Flipkart,Shopping,41744.0
TXN03572,AP0777,2023-08-13,Zomato,Travel,45875.4
TXN03573,AP0157,2024-03-08,IRCTC,Shopping,46749.95
TXN03574,AP0494,2023-10-31,Big Bazaar,Dining,27794.97
TXN03575,AP0939,2024-10-12,Amazon,Travel,29643.81
TXN03576,AP0128,2024-12-25,Swiggy,Groceries,3528.72
TXN03577,AP0544,2025-03-11,MakeMyTrip,Travel,49687.79
TXN03578,AP0658,2024-02-28,MakeMyTrip,Utilities,12846.76
TXN03579,AP0347,2024-03-19,Zomato,Travel,45575.51
TXN03580,AP0279,2023-05-21,Zomato,Entertainment,12809.84
TXN03581,AP0459,2024-11-25,Swiggy,Travel,18861.37
TXN03582,AP0348,2023-09-04,Swiggy,Dining,6752.23
TXN03583,AP0415,2023-09-26,Zomato,Travel,16976.38
TXN03584,AP0356,2023-05-18,Uber,Groceries,29050.56
TXN03585,AP0609,2023-01-18,Ola,Shopping,22148.74
TXN03586,AP0258,2023-11-28,Swiggy,Dining,31213.75
TXN03587,AP0956,2024-03-11,Big Bazaar,Shopping,40733.47
TXN03588,AP0253,2024-09-08,Amazon,Dining,2088.4
TXN03589,AP0103,2023-06-09,Amazon,Shopping,7372.96
TXN03590,AP0157,2025-01-22,Flipkart,Travel,17346.0
TXN03591,AP0278,2023-08-27,Swiggy,Groceries,45696.76
TXN03592,AP0729,2024-01-03,Ola,Groceries,43650.68
TXN03593,AP0289,2024-08-22,Myntra,Utilities,11743.75
TXN03594,AP0176,2024-07-13,Ola,Utilities,9376.18
TXN03595,AP0835,2024-07-30,Ola,Groceries,42794.11
TXN03596,AP0816,2023-10-15,Swiggy,Shopping,14150.81
TXN03597,AP0210,2023-11-09,IRCTC,Groceries,12132.64
TXN03598,AP0067,2023-09-22,MakeMyTrip,Shopping,4277.35
TXN03599,AP0625,2024-02-16,Uber,Dining,28165.92
TXN03600,AP0808,2024-10-11,Big Bazaar,Dining,29384.14
TXN03601,AP0365,2023-10-06,Zomato,Dining,5349.12
TXN03602,AP0737,2023-08-13,Swiggy,Shopping,22909.36
TXN03603,AP0760,2024-01-10,Flipkart,Entertainment,15677.91
TXN03604,AP0602,2025-03-22,Myntra,Groceries,2048.26
TXN03605,AP0321,2023-04-18,Amazon,Utilities,27420.43
TXN03606,AP0012,2024-01-03,MakeMyTrip,Groceries,16990.04
TXN03607,AP0545,2024-03-22,Ola,Shopping,5461.19
TXN03608,AP0380,2024-04-10,Uber,Shopping,4512.74
TXN03609,AP0644,2023-07-11,Big Bazaar,Travel,756.47
TXN03610,AP0094,2024-11-22,Zomato,Dining,34717.38
TXN03611,AP0575,2023-06-02,Amazon,Groceries,908.81
TXN03612,AP0916,2023-09-08,Zomato,Groceries,49760.99
TXN03613,AP0864,2023-07-08,IRCTC,Utilities,22183.63
TXN03614,AP0165,2023-11-15,Uber,Groceries,7259.33
TXN03615,AP0640,2023-04-27,MakeMyTrip,Travel,30851.24
TXN03616,AP0524,2023-10-05,Uber,Utilities,29832.72
TXN03617,AP0247,2023-07-24,Flipkart,Shopping,28528.65
TXN03618,AP0317,2024-12-07,MakeMyTrip,Entertainment,39393.02
TXN03619,AP0743,2023-11-13,Swiggy,Travel,11228.45
TXN03620,AP0669,2023-02-12,Swiggy,Travel,32924.8
TXN03621,AP0695,2023-08-23,Flipkart,Travel,7767.64
TXN03622,AP0532,2024-12-12,Amazon,Entertainment,33627.08
TXN03623,AP0773,2023-11-28,Swiggy,Entertainment,32251.3
TXN03624,AP0093,2023-01-02,Zomato,Shopping,19047.82
TXN03625,AP0132,2025-02-21,Big Bazaar,Travel,40857.25
TXN03626,AP0611,2023-02-20,Uber,Groceries,22274.04
TXN03627,AP0334,2025-02-10,Ola,Entertainment,14822.66
TXN03628,AP0870,2023-06-12,Zomato,Shopping,24097.62
TXN03629,AP0881,2025-01-18,Zomato,Utilities,35809.71
TXN03630,AP0464,2024-02-27,IRCTC,Entertainment,48658.46
TXN03631,AP0628,2024-08-17,Flipkart,Dining,12129.01
TXN03632,AP0369,2024-08-15,Zomato,Travel,2705.86
TXN03633,AP0869,2024-12-05,Uber,Utilities,35610.47
TXN03634,AP0363,2023-04-14,Flipkart,Shopping,15819.92
TXN03635,AP0082,2023-10-24,Ola,Entertainment,25122.34
TXN03636,AP0166,2023-07-14,Uber,Utilities,9219.68
TXN03637,AP0635,2024-12-06,Swiggy,Shopping,15666.37
TXN03638,AP0968,2024-12-22,Zomato,Dining,16079.52
TXN03639,AP0620,2025-01-30,Big Bazaar,Utilities,46330.65
TXN03640,AP0566,2023-03-01,IRCTC,Dining,42172.03
TXN03641,AP0580,2023-12-31,MakeMyTrip,Dining,22474.46
TXN03642,AP0997,2024-06-22,Zomato,Utilities,21536.18
TXN03643,AP0829,2023-03-20,Flipkart,Travel,48235.98
TXN03644,AP0870,2024-02-24,Flipkart,Dining,45384.46
TXN03645,AP0742,2024-04-22,Zomato,Utilities,405.85
TXN03646,AP0772,2024-07-20,Flipkart,Shopping,32183.42
TXN03647,AP0579,2023-07-26,IRCTC,Utilities,43127.45
TXN03648,AP0078,2023-06-17,Amazon,Dining,34098.84
TXN03649,AP0903,2023-06-04,Ola,Utilities,2037.7
TXN03650,AP0326,2023-07-06,Swiggy,Utilities,10685.3
TXN03651,AP0421,2024-12-13,Big Bazaar,Travel,49526.78
TXN03652,AP0410,2024-06-16,Ola,Travel,22789.82
TXN03653,AP0951,2024-02-17,Amazon,Dining,12008.1
TXN03654,AP0726,2023-03-24,Zomato,Travel,29219.14
TXN03655,AP0766,2024-05-21,Uber,Dining,14196.6
TXN03656,AP0730,2023-12-06,Amazon,Shopping,36951.34
TXN03657,AP0525,2024-12-25,Zomato,Travel,14690.02
TXN03658,AP0517,2023-06-03,IRCTC,Travel,35771.84
TXN03659,AP0690,2023-01-05,IRCTC,Groceries,8636.02
TXN03660,AP0640,2023-02-05,IRCTC,Entertainment,12340.03
TXN03661,AP0513,2024-04-24,Amazon,Shopping,38772.16
TXN03662,AP0947,2023-07-23,Uber,Utilities,32619.03
TXN03663,AP0079,2025-01-01,Big Bazaar,Groceries,24767.35
TXN03664,AP0722,2023-11-24,Zomato,Shopping,48033.14
TXN03665,AP0476,2023-12-06,Flipkart,Utilities,38098.6
TXN03666,AP0880,2023-11-23,Swiggy,Groceries,21887.29
TXN03667,AP0964,2023-09-01,Ola,Travel,23091.71
TXN03668,AP0530,2023-07-08,Myntra,Entertainment,43290.98
TXN03669,AP0837,2023-06-07,Uber,Travel,38958.68
TXN03670,AP0128,2024-10-02,Swiggy,Travel,45440.29
TXN03671,AP0301,2023-11-02,Ola,Shopping,16495.0
TXN03672,AP0746,2023-02-15,Swiggy,Dining,26515.71
TXN03673,AP0854,2024-10-01,Uber,Travel,47045.45
TXN03674,AP0525,2023-01-12,MakeMyTrip,Utilities,16665.06
TXN03675,AP0149,2024-03-12,Big Bazaar,Groceries,1968.09
TXN03676,AP0517,2024-08-27,Zomato,Groceries,28731.23
TXN03677,AP0314,2024-07-03,Swiggy,Travel,33274.96
TXN03678,AP0957,2024-11-19,Ola,Groceries,48698.96
TXN03679,AP0088,2024-07-10,Zomato,Entertainment,5466.65
TXN03680,AP0925,2023-12-12,Zomato,Groceries,48325.26
TXN03681,AP0519,2024-09-01,Flipkart,Dining,16701.67
TXN03682,AP0591,2024-03-10,Amazon,Entertainment,31057.37
TXN03683,AP0444,2023-11-17,Myntra,Dining,44289.21
TXN03684,AP0422,2023-11-07,Zomato,Travel,31592.27
TXN03685,AP0414,2024-09-02,Amazon,Groceries,47376.75
TXN03686,AP0244,2024-07-10,Flipkart,Shopping,8550.25
TXN03687,AP0284,2023-11-30,Myntra,Shopping,12432.91
TXN03688,AP0202,2023-09-12,Amazon,Utilities,12109.11
TXN03689,AP0251,2024-03-13,Myntra,Groceries,34268.35
TXN03690,AP0332,2023-03-21,Amazon,Entertainment,47262.87
TXN03691,AP0689,2024-12-19,Amazon,Shopping,34011.17
TXN03692,AP0237,2025-03-05,MakeMyTrip,Entertainment,42769.38
TXN03693,AP0111,2024-12-06,Zomato,Groceries,39568.14
TXN03694,AP0588,2025-01-04,Amazon,Travel,37552.31
TXN03695,AP0585,2023-12-22,Flipkart,Groceries,48943.19
TXN03696,AP0541,2024-04-15,Swiggy,Dining,19823.02
TXN03697,AP0730,2024-05-05,MakeMyTrip,Utilities,42098.43
TXN03698,AP0788,2023-06-20,Ola,Groceries,3900.03
TXN03699,AP0024,2024-10-29,Amazon,Groceries,48815.54
TXN03700,AP0738,2023-09-05,Amazon,Groceries,39182.75
TXN03701,AP0730,2024-09-23,IRCTC,Groceries,4148.85
TXN03702,AP0978,2024-03-09,MakeMyTrip,Groceries,49857.06
TXN03703,AP0545,2023-06-28,Zomato,Entertainment,19126.8
TXN03704,AP0431,2023-05-13,IRCTC,Dining,11800.18
TXN03705,AP0994,2025-03-19,Big Bazaar,Groceries,12394.14
TXN03706,AP0398,2025-02-13,IRCTC,Dining,25946.44
TXN03707,AP0501,2024-06-11,IRCTC,Travel,48174.77
TXN03708,AP0378,2025-03-04,Zomato,Utilities,43685.64
TXN03709,AP0675,2024-08-24,Swiggy,Utilities,38596.63
TXN03710,AP0922,2023-12-23,Zomato,Shopping,34373.43
TXN03711,AP0662,2025-02-27,Zomato,Travel,5754.09
TXN03712,AP0100,2023-10-28,Swiggy,Groceries,11355.33
TXN03713,AP0793,2024-10-17,Ola,Utilities,28242.37
TXN03714,AP0478,2023-07-24,Amazon,Dining,37566.58
TXN03715,AP0273,2023-03-29,IRCTC,Shopping,35050.47
TXN03716,AP0105,2024-06-19,Myntra,Dining,5864.34
TXN03717,AP0275,2023-10-31,Swiggy,Utilities,15657.23
TXN03718,AP0133,2023-07-08,Zomato,Shopping,19089.63
TXN03719,AP0710,2023-08-28,Flipkart,Entertainment,25274.76
TXN03720,AP0219,2024-08-02,Uber,Dining,49016.44
TXN03721,AP0893,2024-11-06,Amazon,Groceries,27199.48
TXN03722,AP0986,2024-02-17,Big Bazaar,Groceries,9646.78
TXN03723,AP0834,2024-05-30,Flipkart,Utilities,48349.55
TXN03724,AP0442,2024-04-25,MakeMyTrip,Groceries,1686.83
TXN03725,AP0997,2024-03-16,Flipkart,Shopping,20887.05
TXN03726,AP0515,2024-08-07,Big Bazaar,Entertainment,2948.18
TXN03727,AP0553,2023-10-18,MakeMyTrip,Shopping,46489.44
TXN03728,AP0638,2024-11-23,MakeMyTrip,Utilities,17968.39
TXN03729,AP0838,2024-11-07,Uber,Entertainment,39869.45
TXN03730,AP0216,2023-05-31,Amazon,Dining,1016.1
TXN03731,AP0828,2024-09-21,Amazon,Utilities,22225.89
TXN03732,AP0875,2023-08-16,Ola,Entertainment,36666.0
TXN03733,AP0322,2023-04-04,Ola,Travel,13526.33
TXN03734,AP0694,2025-02-25,Flipkart,Travel,18451.23
TXN03735,AP0467,2023-10-26,IRCTC,Utilities,43114.2
TXN03736,AP0336,2024-02-01,Flipkart,Shopping,20345.51
TXN03737,AP0925,2024-04-27,Zomato,Groceries,1245.56
TXN03738,AP0619,2023-09-20,Swiggy,Entertainment,41550.03
TXN03739,AP0745,2024-12-24,Big Bazaar,Entertainment,17120.4
TXN03740,AP0766,2024-07-10,Flipkart,Travel,37838.16
TXN03741,AP0941,2025-01-24,Flipkart,Dining,18064.87
TXN03742,AP0017,2023-09-09,Flipkart,Entertainment,37413.32
TXN03743,AP0777,2024-01-28,MakeMyTrip,Shopping,14969.78
TXN03744,AP0847,2024-03-16,Myntra,Groceries,570.38
TXN03745,AP0808,2023-11-17,IRCTC,Shopping,41865.33
TXN03746,AP0531,2025-02-15,Uber,Entertainment,34620.45
TXN03747,AP0668,2023-01-12,Myntra,Utilities,35441.14
TXN03748,AP0578,2024-02-22,Uber,Shopping,20756.12
TXN03749,AP0872,2024-04-27,MakeMyTrip,Groceries,4803.9
TXN03750,AP0980,2023-04-28,Myntra,Entertainment,16147.75
TXN03751,AP0502,2023-08-08,Swiggy,Travel,27643.81
TXN03752,AP0607,2024-07-26,Amazon,Travel,46326.25
TXN03753,AP0168,2024-02-26,Swiggy,Travel,249.87
TXN03754,AP0563,2023-07-25,Flipkart,Dining,42011.7
TXN03755,AP0443,2023-04-12,Myntra,Utilities,28283.87
TXN03756,AP0579,2023-09-20,IRCTC,Utilities,46150.76
TXN03757,AP0996,2024-02-29,Flipkart,Travel,29410.02
TXN03758,AP0285,2024-08-06,IRCTC,Travel,44351.73
TXN03759,AP0511,2025-03-04,Big Bazaar,Entertainment,17194.12
TXN03760,AP0807,2024-06-09,MakeMyTrip,Entertainment,38442.32
TXN03761,AP0661,2025-01-18,MakeMyTrip,Travel,1759.6
TXN03762,AP0977,2023-07-06,Big Bazaar,Groceries,24410.06
TXN03763,AP0796,2024-01-09,Ola,Utilities,15040.24
TXN03764,AP0227,2024-04-30,Amazon,Dining,16779.04
TXN03765,AP0753,2025-03-25,Amazon,Shopping,17870.88
TXN03766,AP0338,2024-09-26,Big Bazaar,Dining,46467.95
TXN03767,AP0165,2025-03-31,Big Bazaar,Utilities,47992.66
TXN03768,AP0953,2025-01-13,Swiggy,Dining,21667.1
TXN03769,AP0693,2024-11-21,Zomato,Groceries,41531.73
TXN03770,AP0474,2025-03-13,Uber,Dining,28946.38
TXN03771,AP0769,2023-03-02,Big Bazaar,Groceries,34892.34
TXN03772,AP0793,2024-10-14,Zomato,Groceries,14425.9
TXN03773,AP0638,2023-10-28,Ola,Dining,23234.72
TXN03774,AP0088,2024-04-10,Myntra,Shopping,17206.12
TXN03775,AP0200,2024-01-22,IRCTC,Entertainment,43130.29
TXN03776,AP0808,2024-06-03,MakeMyTrip,Groceries,27931.61
TXN03777,AP0835,2024-01-27,Flipkart,Shopping,44129.34
TXN03778,AP0387,2024-04-08,Swiggy,Shopping,37099.27
TXN03779,AP0380,2023-10-01,Myntra,Entertainment,43750.66
TXN03780,AP0882,2024-03-19,Uber,Travel,15323.93
TXN03781,AP0966,2023-06-01,Big Bazaar,Utilities,26897.8
TXN03782,AP0390,2024-02-14,Uber,Travel,46790.47
TXN03783,AP0754,2023-04-17,Big Bazaar,Shopping,12133.67
TXN03784,AP0753,2023-06-28,Zomato,Travel,46275.94
TXN03785,AP0969,2024-01-24,Amazon,Entertainment,38113.15
TXN03786,AP0521,2023-04-22,Ola,Entertainment,1142.45
TXN03787,AP0597,2023-03-09,Swiggy,Travel,31005.2
TXN03788,AP0619,2024-01-19,IRCTC,Entertainment,2806.07
TXN03789,AP0773,2023-06-18,Ola,Entertainment,15540.53
TXN03790,AP0298,2023-09-03,Amazon,Dining,5393.78
TXN03791,AP0675,2024-11-12,Swiggy,Dining,39245.5
TXN03792,AP0747,2024-06-30,Myntra,Travel,14406.12
TXN03793,AP0751,2025-02-24,MakeMyTrip,Utilities,36305.29
TXN03794,AP0965,2025-01-06,Swiggy,Travel,24111.77
TXN03795,AP0138,2025-02-23,Ola,Travel,21014.14
TXN03796,AP0141,2023-04-06,IRCTC,Utilities,40395.09
TXN03797,AP0368,2024-11-30,MakeMyTrip,Dining,3611.0
TXN03798,AP0136,2024-03-19,Flipkart,Dining,32734.56
TXN03799,AP0457,2024-08-04,Ola,Shopping,7369.42
TXN03800,AP0213,2024-08-17,Myntra,Entertainment,16093.24
TXN03801,AP0480,2025-02-28,IRCTC,Travel,20514.35
TXN03802,AP0691,2023-05-18,Myntra,Shopping,24637.97
TXN03803,AP0986,2025-03-11,Big Bazaar,Utilities,7511.01
TXN03804,AP0998,2025-01-01,Big Bazaar,Entertainment,42585.81
TXN03805,AP0082,2023-06-26,Swiggy,Travel,5463.25
TXN03806,AP0851,2024-06-11,MakeMyTrip,Shopping,1182.38
TXN03807,AP0859,2024-04-18,IRCTC,Utilities,35944.71
TXN03808,AP0610,2024-11-26,Swiggy,Utilities,13498.96
TXN03809,AP0435,2023-03-27,MakeMyTrip,Groceries,2948.63
TXN03810,AP0645,2024-09-24,Ola,Shopping,4031.75
TXN03811,AP0350,2023-01-14,Amazon,Dining,31984.23
TXN03812,AP0189,2024-11-13,Uber,Travel,24039.24
TXN03813,AP0113,2024-04-06,Zomato,Utilities,33576.49
TXN03814,AP0874,2024-08-15,Myntra,Travel,33437.87
TXN03815,AP0445,2024-09-14,IRCTC,Dining,45580.13
TXN03816,AP0905,2023-09-28,Ola,Entertainment,19338.02
TXN03817,AP0874,2023-06-02,MakeMyTrip,Dining,33354.67
TXN03818,AP0576,2024-02-24,IRCTC,Travel,47496.9
TXN03819,AP0660,2024-07-18,MakeMyTrip,Shopping,12186.44
TXN03820,AP0706,2023-12-20,Uber,Dining,11262.45
TXN03821,AP0416,2023-09-17,IRCTC,Groceries,46263.72
TXN03822,AP0211,2023-09-11,Flipkart,Groceries,27431.8
TXN03823,AP0150,2023-07-27,Ola,Groceries,8787.4
TXN03824,AP0430,2023-12-04,Flipkart,Travel,17819.52
TXN03825,AP0812,2023-07-10,Zomato,Shopping,35241.87
TXN03826,AP0567,2023-12-30,Amazon,Groceries,42705.39
TXN03827,AP0046,2023-01-02,Zomato,Shopping,4489.14
TXN03828,AP0923,2024-05-05,Ola,Dining,26395.9
TXN03829,AP0809,2025-03-06,Swiggy,Utilities,30043.17
TXN03830,AP0305,2023-05-21,Swiggy,Groceries,9532.55
TXN03831,AP0057,2023-12-15,Ola,Entertainment,28903.39
TXN03832,AP0235,2024-07-30,MakeMyTrip,Travel,41732.58
TXN03833,AP0500,2023-04-27,Swiggy,Utilities,48098.02
TXN03834,AP0524,2023-04-11,Amazon,Dining,15597.52
TXN03835,AP0265,2024-06-21,IRCTC,Entertainment,36197.81
TXN03836,AP0389,2023-10-24,MakeMyTrip,Dining,45369.91
TXN03837,AP0319,2025-01-28,Amazon,Entertainment,47239.3
TXN03838,AP0245,2023-12-16,Myntra,Travel,5822.28
TXN03839,AP0387,2024-09-22,Zomato,Shopping,13243.15
TXN03840,AP0859,2023-06-23,Ola,Groceries,37576.36
TXN03841,AP0284,2024-06-06,MakeMyTrip,Entertainment,35878.17
TXN03842,AP0242,2023-12-02,Amazon,Utilities,34499.37
TXN03843,AP0627,2023-01-15,IRCTC,Shopping,18538.52
TXN03844,AP0105,2024-08-26,Amazon,Dining,26311.43
TXN03845,AP0018,2023-12-28,Myntra,Shopping,14873.28
TXN03846,AP0731,2023-12-10,Ola,Dining,14114.15
TXN03847,AP0119,2023-04-10,Swiggy,Travel,22685.48
TXN03848,AP0177,2024-04-11,Uber,Shopping,13721.02
TXN03849,AP0808,2023-09-28,Myntra,Utilities,1843.57
TXN03850,AP0832,2024-06-13,Zomato,Dining,28466.44
TXN03851,AP0681,2024-06-29,Ola,Utilities,36656.41
TXN03852,AP0245,2024-02-17,Myntra,Entertainment,35657.09
TXN03853,AP0167,2023-12-04,Flipkart,Shopping,47784.85
TXN03854,AP0210,2023-08-09,Swiggy,Utilities,11059.06
TXN03855,AP0587,2024-11-15,Zomato,Travel,33795.72
TXN03856,AP0224,2024-06-13,Uber,Dining,27944.49
TXN03857,AP0984,2024-07-02,Ola,Travel,27767.04
TXN03858,AP0241,2023-05-01,Uber,Utilities,2715.19
TXN03859,AP0005,2024-07-23,Flipkart,Travel,8492.79
TXN03860,AP0084,2024-05-08,Big Bazaar,Shopping,30509.7
TXN03861,AP0111,2023-12-29,IRCTC,Entertainment,6697.15
TXN03862,AP0573,2024-06-19,Swiggy,Dining,15763.04
TXN03863,AP0307,2023-06-01,MakeMyTrip,Dining,37269.5
TXN03864,AP0058,2023-05-31,Zomato,Travel,45307.68
TXN03865,AP0972,2025-01-21,IRCTC,Travel,22833.86
TXN03866,AP0951,2024-12-10,Ola,Entertainment,16736.86
TXN03867,AP0890,2023-10-01,Big Bazaar,Dining,7353.35
TXN03868,AP0197,2023-05-21,Amazon,Dining,18981.47
TXN03869,AP0962,2023-06-16,Flipkart,Travel,20779.71
TXN03870,AP0267,2024-07-17,IRCTC,Travel,37636.39
TXN03871,AP0789,2024-01-22,Uber,Travel,15532.63
TXN03872,AP0983,2025-01-25,Uber,Dining,40217.94
TXN03873,AP0067,2024-03-03,Zomato,Utilities,43527.47
TXN03874,AP0874,2024-02-17,Big Bazaar,Groceries,11362.35
TXN03875,AP0940,2023-12-01,IRCTC,Travel,42949.01
TXN03876,AP0100,2024-03-11,IRCTC,Shopping,9390.75
TXN03877,AP0606,2023-09-12,Uber,Groceries,33468.97
TXN03878,AP0763,2024-08-14,IRCTC,Travel,2632.97
TXN03879,AP0390,2023-10-23,IRCTC,Entertainment,38105.73
TXN03880,AP0525,2023-12-10,Uber,Shopping,15901.76
TXN03881,AP0958,2024-11-02,Ola,Groceries,15282.03
TXN03882,AP0901,2023-03-31,Zomato,Travel,13338.99
TXN03883,AP0505,2023-03-01,Big Bazaar,Shopping,32908.13
TXN03884,AP0532,2024-09-21,Swiggy,Utilities,5359.48
TXN03885,AP0757,2023-02-15,Zomato,Travel,33407.06
TXN03886,AP0039,2024-06-04,Amazon,Entertainment,18265.94
TXN03887,AP0093,2023-06-06,Zomato,Entertainment,761.61
TXN03888,AP0466,2023-04-29,Big Bazaar,Dining,44441.85
TXN03889,AP0124,2023-12-13,MakeMyTrip,Utilities,36432.2
TXN03890,AP0793,2024-05-09,Myntra,Utilities,26040.16
TXN03891,AP0843,2023-04-18,Ola,Travel,45365.83
TXN03892,AP0332,2024-06-10,MakeMyTrip,Entertainment,48524.24
TXN03893,AP0014,2023-07-02,Uber,Shopping,6674.03
TXN03894,AP0731,2023-01-04,Uber,Travel,24914.77
TXN03895,AP0708,2024-03-15,Myntra,Shopping,49726.17
TXN03896,AP0614,2023-10-13,Ola,Travel,42703.47
TXN03897,AP0954,2024-07-20,MakeMyTrip,Dining,48406.38
TXN03898,AP0850,2023-12-09,Big Bazaar,Utilities,26165.68
TXN03899,AP0943,2023-08-27,Zomato,Shopping,37041.57
TXN03900,AP0711,2023-03-22,Flipkart,Travel,44606.44
TXN03901,AP0585,2023-03-11,Swiggy,Shopping,33893.03
TXN03902,AP0433,2024-08-17,Uber,Travel,13072.48
TXN03903,AP0910,2023-08-23,Myntra,Utilities,8374.37
TXN03904,AP0741,2024-12-19,MakeMyTrip,Travel,42574.73
TXN03905,AP0016,2024-11-05,Myntra,Travel,14284.16
TXN03906,AP0341,2023-11-04,Myntra,Entertainment,5130.28
TXN03907,AP0881,2024-06-17,Zomato,Entertainment,26502.54
TXN03908,AP0844,2024-04-22,Amazon,Groceries,15479.97
TXN03909,AP0890,2023-07-22,Amazon,Dining,15810.76
TXN03910,AP0097,2023-09-28,Flipkart,Entertainment,49763.4
TXN03911,AP0267,2023-11-01,Zomato,Groceries,4501.64
TXN03912,AP0324,2023-07-02,Zomato,Travel,3234.46
TXN03913,AP0690,2024-08-26,Myntra,Utilities,38659.28
TXN03914,AP0188,2023-04-24,IRCTC,Dining,38741.32
TXN03915,AP0609,2023-09-14,Flipkart,Dining,20247.44
TXN03916,AP0725,2023-11-22,Big Bazaar,Travel,43801.83
TXN03917,AP0557,2023-01-29,Swiggy,Travel,23741.55
TXN03918,AP0431,2024-12-11,Amazon,Utilities,10271.03
TXN03919,AP0501,2023-03-23,Ola,Dining,12391.6
TXN03920,AP0417,2024-01-26,Ola,Dining,45903.38
TXN03921,AP0424,2023-01-25,IRCTC,Shopping,31118.71
TXN03922,AP0833,2024-06-25,Uber,Groceries,8033.8
TXN03923,AP0705,2024-08-14,Ola,Entertainment,8610.66
TXN03924,AP0255,2024-07-14,Myntra,Shopping,23629.21
TXN03925,AP0771,2023-11-22,Uber,Groceries,44519.75
TXN03926,AP0727,2024-03-30,Big Bazaar,Entertainment,11155.23
TXN03927,AP0869,2023-05-05,Flipkart,Shopping,28731.61
TXN03928,AP0254,2024-05-18,Ola,Utilities,33392.71
TXN03929,AP0369,2024-07-30,Big Bazaar,Shopping,40349.36
TXN03930,AP0494,2023-02-27,MakeMyTrip,Shopping,15032.91
TXN03931,AP0357,2024-05-23,IRCTC,Groceries,31140.19
TXN03932,AP0260,2024-11-16,Amazon,Groceries,24614.53
TXN03933,AP0982,2023-03-21,Uber,Travel,27978.56
TXN03934,AP0618,2023-06-08,Big Bazaar,Travel,23717.71
TXN03935,AP0571,2023-07-10,Uber,Dining,40971.05
TXN03936,AP0643,2025-04-01,Amazon,Travel,33056.06
TXN03937,AP0988,2024-06-13,Flipkart,Groceries,15241.02
TXN03938,AP0794,2024-05-09,Zomato,Entertainment,34234.2
TXN03939,AP0911,2024-12-03,Uber,Entertainment,45979.27
TXN03940,AP0740,2023-06-08,IRCTC,Shopping,24196.55
TXN03941,AP0087,2024-04-13,Myntra,Utilities,24679.98
TXN03942,AP0650,2023-02-05,Zomato,Shopping,42290.07
TXN03943,AP0140,2025-01-04,Uber,Groceries,28830.93
TXN03944,AP0947,2024-05-03,Ola,Utilities,44673.33
TXN03945,AP0524,2024-11-09,Myntra,Shopping,41560.21
TXN03946,AP0602,2024-04-01,MakeMyTrip,Shopping,48509.91
TXN03947,AP0937,2024-03-20,Amazon,Shopping,18826.61
TXN03948,AP0166,2023-05-16,Zomato,Dining,15446.72
TXN03949,AP0488,2023-05-30,Myntra,Utilities,13668.86
TXN03950,AP0567,2024-12-23,Flipkart,Dining,42932.87
TXN03951,AP0475,2023-04-18,Uber,Entertainment,23393.51
TXN03952,AP0292,2023-08-01,Amazon,Entertainment,14864.94
TXN03953,AP0424,2023-09-24,IRCTC,Travel,4085.35
TXN03954,AP0077,2023-06-04,IRCTC,Travel,46210.67
TXN03955,AP0287,2023-12-06,Uber,Entertainment,24788.19
TXN03956,AP0598,2024-10-03,Myntra,Groceries,11259.67
TXN03957,AP0535,2024-09-05,MakeMyTrip,Utilities,44466.33
TXN03958,AP0772,2023-05-22,Amazon,Entertainment,16419.92
TXN03959,AP0139,2023-10-18,Big Bazaar,Utilities,3550.46
TXN03960,AP0521,2023-11-09,Swiggy,Utilities,27258.47
TXN03961,AP0088,2023-06-18,Ola,Shopping,16462.54
TXN03962,AP0837,2023-03-23,Ola,Shopping,11463.54
TXN03963,AP0219,2023-08-07,MakeMyTrip,Shopping,2699.72
TXN03964,AP0676,2023-04-04,Big Bazaar,Groceries,41162.23
TXN03965,AP0165,2024-11-21,Ola,Dining,43061.99
TXN03966,AP0507,2023-05-01,Myntra,Groceries,49703.07
TXN03967,AP0534,2023-07-09,MakeMyTrip,Entertainment,35102.44
TXN03968,AP0824,2024-07-04,Myntra,Shopping,23323.88
TXN03969,AP0262,2023-09-15,MakeMyTrip,Groceries,30434.32
TXN03970,AP0567,2023-06-29,Zomato,Shopping,41946.77
TXN03971,AP0331,2024-02-16,Myntra,Groceries,40570.64
TXN03972,AP0692,2023-09-15,Zomato,Dining,2437.98
TXN03973,AP0670,2024-12-02,Amazon,Dining,11346.54
TXN03974,AP0359,2025-03-24,Swiggy,Travel,23699.03
TXN03975,AP0465,2025-03-04,Uber,Entertainment,25701.25
TXN03976,AP0013,2023-09-06,Zomato,Dining,37924.44
TXN03977,AP0206,2023-02-13,Big Bazaar,Entertainment,22549.14
TXN03978,AP0481,2023-02-04,Swiggy,Utilities,30065.04
TXN03979,AP0877,2024-07-24,IRCTC,Dining,5657.57
TXN03980,AP0847,2025-03-18,Big Bazaar,Entertainment,46419.74
TXN03981,AP0331,2024-06-16,Swiggy,Dining,41284.59
TXN03982,AP0267,2023-11-17,IRCTC,Dining,40544.25
TXN03983,AP0266,2024-08-17,Amazon,Utilities,9205.22
TXN03984,AP0654,2024-12-19,Ola,Dining,24157.09
TXN03985,AP0967,2025-01-25,Flipkart,Utilities,17838.82
TXN03986,AP0050,2024-03-08,Ola,Entertainment,12368.2
TXN03987,AP0822,2024-07-31,Myntra,Entertainment,46328.08
TXN03988,AP0667,2023-05-16,Zomato,Groceries,4686.06
TXN03989,AP0012,2024-05-03,Zomato,Groceries,41805.34
TXN03990,AP0246,2024-04-20,Uber,Groceries,17323.65
TXN03991,AP0167,2024-03-18,Big Bazaar,Groceries,12511.67
TXN03992,AP0489,2023-06-12,Amazon,Groceries,46441.49
TXN03993,AP0224,2024-05-24,Amazon,Shopping,25361.22
TXN03994,AP0162,2023-07-02,Zomato,Entertainment,18653.2
TXN03995,AP0081,2024-09-11,IRCTC,Groceries,28968.32
TXN03996,AP0845,2025-03-24,MakeMyTrip,Entertainment,33252.93
TXN03997,AP0908,2023-05-03,MakeMyTrip,Dining,16347.76
TXN03998,AP0337,2025-02-07,Big Bazaar,Groceries,41377.63
TXN03999,AP0976,2024-10-19,Uber,Groceries,47662.96
TXN04000,AP0492,2025-01-08,MakeMyTrip,Shopping,10756.07
TXN04001,AP0731,2024-09-29,Big Bazaar,Groceries,27734.44
TXN04002,AP0605,2024-02-28,Uber,Dining,4445.48
TXN04003,AP0145,2024-06-22,Swiggy,Utilities,37820.92
TXN04004,AP0072,2023-10-04,Flipkart,Shopping,28312.72
TXN04005,AP0600,2023-12-20,Uber,Dining,1850.55
TXN04006,AP0299,2024-03-30,Ola,Shopping,41448.38
TXN04007,AP0422,2023-11-13,MakeMyTrip,Dining,1166.21
TXN04008,AP0136,2024-02-02,Uber,Dining,31578.53
TXN04009,AP0962,2023-05-06,Zomato,Travel,27136.41
TXN04010,AP0502,2024-02-04,IRCTC,Dining,32497.65
TXN04011,AP0598,2024-06-13,Uber,Entertainment,45989.64
TXN04012,AP0284,2024-06-11,Ola,Entertainment,11012.22
TXN04013,AP0145,2024-10-16,Zomato,Shopping,35293.96
TXN04014,AP0218,2024-07-26,Swiggy,Entertainment,14400.15
TXN04015,AP0094,2024-05-17,IRCTC,Travel,18990.87
TXN04016,AP0050,2024-02-21,Amazon,Groceries,25862.14
TXN04017,AP0760,2024-09-06,MakeMyTrip,Shopping,13916.88
TXN04018,AP0157,2024-06-20,Swiggy,Dining,23014.13
TXN04019,AP0854,2025-01-16,Zomato,Utilities,43575.88
TXN04020,AP0434,2023-12-12,Uber,Shopping,32568.59
TXN04021,AP0586,2023-06-25,Uber,Utilities,12297.48
TXN04022,AP0805,2023-08-16,MakeMyTrip,Travel,30932.18
TXN04023,AP0103,2023-01-22,Big Bazaar,Travel,6507.16
TXN04024,AP0226,2023-09-11,Amazon,Shopping,17683.49
TXN04025,AP0479,2024-09-04,Flipkart,Travel,320.33
TXN04026,AP0318,2024-08-23,Flipkart,Travel,43860.84
TXN04027,AP0942,2023-09-21,Flipkart,Travel,21247.84
TXN04028,AP0854,2023-01-29,Zomato,Shopping,28110.25
TXN04029,AP0793,2023-12-04,Big Bazaar,Entertainment,26529.54
TXN04030,AP0126,2025-03-30,Swiggy,Dining,20021.82
TXN04031,AP0609,2024-12-25,Uber,Shopping,24538.7
TXN04032,AP0257,2023-05-15,Zomato,Groceries,44930.55
TXN04033,AP0693,2023-11-30,Zomato,Entertainment,6226.01
TXN04034,AP0148,2023-01-08,Big Bazaar,Groceries,27520.07
TXN04035,AP0543,2023-12-06,MakeMyTrip,Utilities,48163.14
TXN04036,AP0805,2024-04-05,Swiggy,Travel,16619.15
TXN04037,AP0215,2023-11-01,IRCTC,Shopping,18492.89
TXN04038,AP0710,2024-10-10,MakeMyTrip,Utilities,46272.71
TXN04039,AP0698,2024-06-23,IRCTC,Shopping,27931.99
TXN04040,AP0304,2024-05-24,IRCTC,Travel,10196.82
TXN04041,AP0136,2024-01-24,Amazon,Groceries,48150.46
TXN04042,AP0519,2023-04-04,Swiggy,Groceries,2988.17
TXN04043,AP0099,2023-01-24,Ola,Dining,6587.28
TXN04044,AP0344,2025-03-23,Swiggy,Shopping,31375.49
TXN04045,AP0916,2023-06-24,Zomato,Travel,32963.02
TXN04046,AP0614,2024-03-08,Swiggy,Groceries,22684.71
TXN04047,AP0799,2024-03-03,Ola,Dining,8254.35
TXN04048,AP0899,2025-03-03,Big Bazaar,Travel,20571.23
TXN04049,AP0003,2024-09-27,Amazon,Dining,565.93
TXN04050,AP0450,2024-08-19,Amazon,Dining,14985.65
TXN04051,AP0452,2024-05-30,Uber,Entertainment,8949.46
TXN04052,AP0276,2023-03-08,Swiggy,Groceries,12665.37
TXN04053,AP0587,2024-06-09,Amazon,Utilities,6910.47
TXN04054,AP0903,2023-10-08,Ola,Utilities,28939.79
TXN04055,AP0696,2023-04-12,IRCTC,Travel,4575.23
TXN04056,AP0978,2024-03-10,Zomato,Groceries,30485.54
TXN04057,AP0898,2024-12-08,Flipkart,Entertainment,44383.69
TXN04058,AP0290,2024-09-08,MakeMyTrip,Travel,20811.95
TXN04059,AP0195,2023-04-01,Zomato,Entertainment,39712.28
TXN04060,AP0949,2023-07-27,IRCTC,Travel,12642.1
TXN04061,AP0593,2025-03-19,Flipkart,Dining,15381.13
TXN04062,AP0453,2024-03-09,Ola,Shopping,22125.93
TXN04063,AP0172,2023-07-21,Uber,Shopping,40704.96
TXN04064,AP0866,2024-02-28,Myntra,Dining,11501.8
TXN04065,AP0546,2024-11-19,Ola,Entertainment,4462.39
TXN04066,AP0238,2023-08-13,Zomato,Shopping,35975.99
TXN04067,AP0397,2023-12-03,Zomato,Travel,37762.21
TXN04068,AP0032,2024-12-31,Myntra,Groceries,8767.11
TXN04069,AP0293,2024-04-08,Uber,Groceries,31933.52
TXN04070,AP0331,2024-10-16,Zomato,Entertainment,8704.41
TXN04071,AP0087,2025-01-31,Ola,Entertainment,273.86
TXN04072,AP0741,2023-12-02,Swiggy,Groceries,18627.38
TXN04073,AP0302,2024-10-19,MakeMyTrip,Dining,1209.62
TXN04074,AP0105,2024-01-27,Myntra,Groceries,46143.32
TXN04075,AP0755,2023-12-29,Swiggy,Utilities,4644.03
TXN04076,AP0400,2023-10-22,Swiggy,Utilities,12319.16
TXN04077,AP0382,2024-06-13,Big Bazaar,Groceries,8137.04
TXN04078,AP0573,2024-05-28,Amazon,Dining,15395.83
TXN04079,AP0657,2025-03-09,Ola,Dining,3839.51
TXN04080,AP0230,2023-04-17,Amazon,Utilities,25083.77
TXN04081,AP0410,2023-03-21,Amazon,Travel,24094.16
TXN04082,AP0137,2024-02-01,Zomato,Travel,12496.63
TXN04083,AP0260,2024-11-02,Big Bazaar,Groceries,12469.77
TXN04084,AP0189,2023-01-01,Ola,Entertainment,37549.1
TXN04085,AP0681,2023-12-07,Zomato,Shopping,33984.95
TXN04086,AP0456,2024-04-17,Flipkart,Entertainment,38140.79
TXN04087,AP0639,2023-03-17,IRCTC,Utilities,12183.29
TXN04088,AP0651,2023-08-03,Big Bazaar,Dining,28828.82
TXN04089,AP0800,2023-07-13,Myntra,Shopping,42619.82
TXN04090,AP0944,2024-11-25,Flipkart,Groceries,22130.5
TXN04091,AP0647,2023-09-09,Myntra,Dining,1247.25
TXN04092,AP0747,2023-04-30,IRCTC,Travel,4075.28
TXN04093,AP0566,2024-05-22,Big Bazaar,Dining,15779.94
TXN04094,AP0883,2023-06-18,MakeMyTrip,Utilities,46339.28
TXN04095,AP0489,2025-03-05,Swiggy,Travel,44654.33
TXN04096,AP0022,2024-08-21,MakeMyTrip,Travel,37020.6
TXN04097,AP0009,2023-01-21,Amazon,Travel,22407.56
TXN04098,AP0275,2025-01-26,Zomato,Travel,26068.22
TXN04099,AP0108,2024-06-07,Uber,Entertainment,28080.71
TXN04100,AP0076,2023-12-17,Ola,Utilities,6402.45
TXN04101,AP0925,2025-02-13,Swiggy,Travel,18145.54
TXN04102,AP0792,2024-11-02,Swiggy,Entertainment,47495.09
TXN04103,AP0953,2023-03-07,Uber,Groceries,33534.89
TXN04104,AP0267,2023-09-03,Amazon,Utilities,21783.02
TXN04105,AP0020,2023-02-19,Amazon,Travel,12865.1
TXN04106,AP0069,2024-09-24,IRCTC,Utilities,7763.63
TXN04107,AP0555,2023-03-05,MakeMyTrip,Shopping,41519.74
TXN04108,AP0489,2024-01-28,Myntra,Travel,19313.7
TXN04109,AP0324,2023-07-12,Uber,Dining,44663.79
TXN04110,AP0075,2024-01-03,Myntra,Groceries,32972.24
TXN04111,AP0365,2024-03-09,Big Bazaar,Groceries,48833.41
TXN04112,AP0737,2025-02-13,Swiggy,Utilities,32913.54
TXN04113,AP0420,2023-01-28,Amazon,Groceries,47346.6
TXN04114,AP0588,2023-12-02,Amazon,Dining,47250.25
TXN04115,AP0401,2024-01-26,Swiggy,Utilities,35737.96
TXN04116,AP0983,2023-06-21,MakeMyTrip,Travel,44996.77
TXN04117,AP0031,2024-01-17,Ola,Utilities,47866.74
TXN04118,AP0409,2024-10-31,Flipkart,Entertainment,19029.74
TXN04119,AP0494,2024-02-07,IRCTC,Travel,40406.86
TXN04120,AP0905,2024-08-08,IRCTC,Entertainment,35793.26
TXN04121,AP0037,2024-05-22,Ola,Groceries,46075.23
TXN04122,AP0573,2023-07-19,Myntra,Utilities,48987.76
TXN04123,AP0163,2024-01-02,Myntra,Shopping,13511.87
TXN04124,AP0787,2023-10-18,Amazon,Travel,15746.18
TXN04125,AP0068,2023-04-19,Amazon,Dining,27442.07
TXN04126,AP0803,2024-06-26,Uber,Dining,48280.13
TXN04127,AP0135,2023-02-01,Uber,Entertainment,3794.01
TXN04128,AP0215,2023-10-27,Amazon,Shopping,20443.98
TXN04129,AP0953,2024-03-22,Swiggy,Entertainment,47998.45
TXN04130,AP0343,2025-01-01,IRCTC,Utilities,28208.88
TXN04131,AP0199,2023-10-21,IRCTC,Entertainment,29041.85
TXN04132,AP0118,2024-07-05,MakeMyTrip,Groceries,38425.46
TXN04133,AP0606,2024-01-13,MakeMyTrip,Entertainment,27996.54
TXN04134,AP0088,2023-03-12,Myntra,Travel,47869.72
TXN04135,AP0289,2023-07-27,Ola,Utilities,11874.29
TXN04136,AP0172,2023-04-09,Flipkart,Shopping,13527.13
TXN04137,AP0533,2023-06-20,Swiggy,Dining,14096.69
TXN04138,AP0839,2024-08-09,IRCTC,Dining,41501.62
TXN04139,AP0856,2024-09-17,MakeMyTrip,Utilities,49886.97
TXN04140,AP0264,2023-12-29,Ola,Groceries,11519.48
TXN04141,AP0046,2024-01-24,Swiggy,Utilities,26005.83
TXN04142,AP0408,2025-02-01,Swiggy,Utilities,48892.01
TXN04143,AP0719,2024-12-02,Myntra,Utilities,14070.41
TXN04144,AP0786,2025-02-23,Big Bazaar,Dining,3958.8
TXN04145,AP0131,2025-02-05,MakeMyTrip,Groceries,12935.09
TXN04146,AP0131,2023-06-02,Myntra,Dining,2320.22
TXN04147,AP0220,2023-11-12,Swiggy,Utilities,39341.79
TXN04148,AP0298,2023-11-24,Zomato,Travel,26506.06
TXN04149,AP0925,2025-03-27,Zomato,Shopping,37526.97
TXN04150,AP0892,2024-07-05,Amazon,Groceries,36573.83
TXN04151,AP0307,2024-07-01,Zomato,Dining,45280.83
TXN04152,AP0414,2024-10-30,MakeMyTrip,Dining,47498.89
TXN04153,AP0269,2023-01-22,Myntra,Utilities,4309.83
TXN04154,AP0584,2025-03-20,IRCTC,Dining,46938.87
TXN04155,AP0151,2023-09-07,Amazon,Shopping,35618.02
TXN04156,AP0268,2024-07-07,Uber,Shopping,32740.65
TXN04157,AP0501,2024-10-27,Big Bazaar,Shopping,5296.25
TXN04158,AP0885,2024-03-11,Myntra,Shopping,46377.66
TXN04159,AP0530,2024-11-28,Zomato,Shopping,42891.19
TXN04160,AP0251,2024-06-28,Uber,Shopping,26766.73
TXN04161,AP0645,2025-01-09,Zomato,Entertainment,20473.99
TXN04162,AP0093,2025-03-01,Ola,Dining,39658.82
TXN04163,AP0851,2023-06-13,Uber,Entertainment,28970.53
TXN04164,AP0767,2023-10-22,Ola,Groceries,39495.63
TXN04165,AP0233,2024-03-29,MakeMyTrip,Entertainment,3963.87
TXN04166,AP0755,2024-12-22,Zomato,Shopping,5832.22
TXN04167,AP0192,2023-12-01,Flipkart,Dining,25334.61
TXN04168,AP0289,2023-11-28,Swiggy,Utilities,20918.13
TXN04169,AP0832,2024-11-08,Big Bazaar,Travel,19750.41
TXN04170,AP0546,2023-05-05,Zomato,Dining,24493.79
TXN04171,AP0936,2024-05-16,Flipkart,Groceries,48793.92
TXN04172,AP0789,2025-03-15,Ola,Shopping,32639.8
TXN04173,AP0542,2023-09-03,Big Bazaar,Shopping,45880.15
TXN04174,AP0775,2024-06-27,IRCTC,Entertainment,22026.16
TXN04175,AP0894,2024-07-23,Uber,Shopping,17499.84
TXN04176,AP0409,2024-08-23,IRCTC,Dining,16759.21
TXN04177,AP0430,2023-03-08,MakeMyTrip,Travel,16728.4
TXN04178,AP0348,2025-03-20,IRCTC,Travel,26142.34
TXN04179,AP0327,2024-09-04,IRCTC,Travel,8856.22
TXN04180,AP0704,2025-03-24,Swiggy,Entertainment,43992.48
TXN04181,AP0437,2023-07-16,Flipkart,Dining,47755.45
TXN04182,AP0253,2024-07-03,Uber,Utilities,25268.41
TXN04183,AP0243,2023-09-01,IRCTC,Groceries,31897.45
TXN04184,AP0264,2023-07-13,Uber,Entertainment,4403.61
TXN04185,AP0321,2024-05-26,Flipkart,Utilities,16544.09
TXN04186,AP0830,2023-05-28,Myntra,Groceries,2721.55
TXN04187,AP0268,2024-02-06,IRCTC,Shopping,19773.48
TXN04188,AP0279,2024-08-18,Big Bazaar,Dining,33466.45
TXN04189,AP0681,2023-02-21,Flipkart,Shopping,15184.58
TXN04190,AP0739,2024-10-07,Uber,Travel,15675.55
TXN04191,AP0665,2023-04-21,Zomato,Dining,292.83
TXN04192,AP0258,2023-12-12,Flipkart,Travel,13398.71
TXN04193,AP0997,2024-11-03,Flipkart,Groceries,18167.6
TXN04194,AP0670,2025-03-12,Ola,Groceries,47926.5
TXN04195,AP0321,2023-03-31,Flipkart,Shopping,27227.14
TXN04196,AP0266,2023-12-06,Ola,Shopping,46698.15
TXN04197,AP0894,2024-02-13,Amazon,Utilities,18816.8
TXN04198,AP0283,2024-12-11,Big Bazaar,Shopping,48322.78
TXN04199,AP0279,2024-05-02,Big Bazaar,Entertainment,43767.76
TXN04200,AP0456,2024-06-19,Swiggy,Entertainment,3889.15
TXN04201,AP0397,2023-06-15,IRCTC,Travel,44080.9
TXN04202,AP0837,2023-07-15,Ola,Entertainment,49286.45
TXN04203,AP0769,2024-11-20,IRCTC,Travel,18946.07
TXN04204,AP0054,2023-09-03,Big Bazaar,Utilities,35275.72
TXN04205,AP0509,2024-09-04,Myntra,Entertainment,27077.15
TXN04206,AP0674,2023-12-02,IRCTC,Groceries,23042.09
TXN04207,AP0991,2024-05-24,Uber,Shopping,13124.61
TXN04208,AP0400,2024-02-01,MakeMyTrip,Dining,1913.11
TXN04209,AP0205,2024-05-29,Uber,Utilities,25197.75
TXN04210,AP0901,2024-11-30,Amazon,Shopping,19673.65
TXN04211,AP0800,2025-01-05,Uber,Groceries,21885.03
TXN04212,AP0745,2024-10-14,Zomato,Dining,12108.33
TXN04213,AP0883,2024-05-01,Ola,Entertainment,40375.72
TXN04214,AP0849,2024-12-26,Uber,Dining,47347.34
TXN04215,AP0303,2023-05-13,Uber,Travel,10091.91
TXN04216,AP0372,2024-03-11,MakeMyTrip,Shopping,4001.42
TXN04217,AP0992,2023-10-21,Big Bazaar,Utilities,41683.14
TXN04218,AP0491,2025-01-24,Myntra,Shopping,26957.06
TXN04219,AP0377,2024-03-25,Ola,Travel,26366.5
TXN04220,AP0155,2024-12-28,Zomato,Groceries,45613.23
TXN04221,AP0920,2024-09-26,Swiggy,Travel,37887.01
TXN04222,AP0811,2023-07-26,IRCTC,Entertainment,26256.88
TXN04223,AP0931,2023-01-25,IRCTC,Shopping,7707.19
TXN04224,AP0585,2023-01-31,IRCTC,Travel,12661.65
TXN04225,AP0714,2025-02-01,Ola,Dining,19296.27
TXN04226,AP0473,2024-07-09,Swiggy,Utilities,23751.79
TXN04227,AP0729,2024-11-01,Zomato,Groceries,33861.16
TXN04228,AP0589,2023-07-04,Uber,Groceries,17004.48
TXN04229,AP0392,2025-01-20,Swiggy,Dining,17182.76
TXN04230,AP0948,2024-01-29,IRCTC,Dining,33129.71
TXN04231,AP0458,2025-01-12,Flipkart,Dining,18718.61
TXN04232,AP0573,2023-06-15,Big Bazaar,Travel,539.92
TXN04233,AP0100,2025-01-15,Flipkart,Utilities,41316.63
TXN04234,AP0673,2023-04-01,MakeMyTrip,Utilities,23931.9
TXN04235,AP0187,2023-03-30,Myntra,Utilities,27433.36
TXN04236,AP0655,2023-06-03,Big Bazaar,Entertainment,32770.47
TXN04237,AP0275,2024-02-02,Flipkart,Groceries,17805.98
TXN04238,AP0445,2025-01-31,IRCTC,Groceries,34219.38
TXN04239,AP0803,2025-01-01,Flipkart,Shopping,31457.99
TXN04240,AP0771,2023-05-31,Flipkart,Shopping,10654.25
TXN04241,AP0221,2024-09-08,Big Bazaar,Shopping,6204.51
TXN04242,AP0277,2024-10-08,Myntra,Groceries,30976.12
TXN04243,AP0391,2024-03-06,Amazon,Groceries,5734.42
TXN04244,AP0400,2024-10-03,MakeMyTrip,Travel,27564.17
TXN04245,AP0789,2025-03-13,Uber,Travel,13147.98
TXN04246,AP0014,2023-11-06,Amazon,Groceries,18914.27
TXN04247,AP0715,2024-09-14,Zomato,Travel,8205.35
TXN04248,AP0102,2023-07-31,Zomato,Dining,18915.5
TXN04249,AP0264,2024-06-02,Ola,Entertainment,9758.7
TXN04250,AP0871,2023-06-11,Amazon,Shopping,894.5
TXN04251,AP0247,2024-08-11,Zomato,Entertainment,27659.22
TXN04252,AP0181,2024-02-10,Amazon,Entertainment,33775.62
TXN04253,AP0293,2023-10-20,Amazon,Groceries,45868.36
TXN04254,AP0606,2025-01-30,IRCTC,Dining,48139.16
TXN04255,AP0588,2024-05-06,Amazon,Dining,22158.99
TXN04256,AP0543,2023-04-25,Myntra,Shopping,6776.76
TXN04257,AP0930,2025-02-24,Big Bazaar,Dining,46974.91
TXN04258,AP0489,2023-03-27,Myntra,Shopping,30979.2
TXN04259,AP0471,2024-03-10,Myntra,Utilities,26896.29
TXN04260,AP0844,2023-05-19,Swiggy,Dining,42431.89
TXN04261,AP0888,2024-11-12,Swiggy,Travel,11437.14
TXN04262,AP0875,2024-07-09,Uber,Travel,28685.48
TXN04263,AP0855,2023-12-31,Zomato,Utilities,10308.72
TXN04264,AP0433,2023-03-09,Uber,Travel,7746.11
TXN04265,AP0542,2023-09-19,Uber,Shopping,28607.97
TXN04266,AP0565,2023-06-05,Zomato,Dining,48552.39
TXN04267,AP0650,2025-03-25,Uber,Groceries,49471.59
TXN04268,AP0995,2023-07-14,Flipkart,Utilities,13556.06
TXN04269,AP0345,2024-10-17,Flipkart,Utilities,30556.68
TXN04270,AP0776,2023-03-18,IRCTC,Dining,24260.4
TXN04271,AP0897,2024-04-10,Amazon,Shopping,27306.33
TXN04272,AP0033,2024-12-15,IRCTC,Travel,30648.8
TXN04273,AP0209,2023-02-02,Big Bazaar,Dining,16238.77
TXN04274,AP0100,2023-03-09,MakeMyTrip,Travel,4833.62
TXN04275,AP0786,2024-03-31,Ola,Entertainment,30794.36
TXN04276,AP0923,2024-09-17,Big Bazaar,Travel,5196.87
TXN04277,AP0214,2023-05-14,MakeMyTrip,Shopping,13751.12
TXN04278,AP0957,2023-09-03,Uber,Dining,17869.16
TXN04279,AP0603,2023-01-18,Myntra,Dining,13802.41
TXN04280,AP0047,2023-09-14,Swiggy,Utilities,46967.54
TXN04281,AP0555,2024-06-16,Big Bazaar,Entertainment,4865.31
TXN04282,AP0860,2025-03-19,Flipkart,Shopping,1176.56
TXN04283,AP0067,2024-11-22,IRCTC,Dining,3586.98
TXN04284,AP0924,2023-06-18,Big Bazaar,Entertainment,37182.13
TXN04285,AP0539,2023-10-09,Amazon,Travel,5257.84
TXN04286,AP0011,2023-05-01,Ola,Groceries,6294.6
TXN04287,AP0021,2024-02-22,Swiggy,Shopping,7124.23
TXN04288,AP0254,2023-07-03,Flipkart,Entertainment,23647.07
TXN04289,AP0292,2025-02-18,Amazon,Shopping,7508.29
TXN04290,AP0934,2024-06-25,MakeMyTrip,Dining,28396.21
TXN04291,AP0524,2023-08-10,IRCTC,Groceries,11278.09
TXN04292,AP0769,2023-10-26,IRCTC,Dining,43048.13
TXN04293,AP0979,2024-07-08,MakeMyTrip,Utilities,38384.02
TXN04294,AP0404,2023-09-05,IRCTC,Utilities,43667.92
TXN04295,AP0144,2025-02-02,Big Bazaar,Dining,15895.99
TXN04296,AP0989,2023-08-04,Myntra,Shopping,26652.49
TXN04297,AP0033,2023-12-02,Myntra,Groceries,28625.05
TXN04298,AP0231,2023-11-12,Myntra,Entertainment,19328.57
TXN04299,AP0430,2024-10-10,Uber,Shopping,28814.68
TXN04300,AP0431,2024-06-03,Myntra,Groceries,16555.56
TXN04301,AP0236,2023-05-22,Zomato,Entertainment,28745.91
TXN04302,AP0890,2023-11-22,Swiggy,Travel,24066.06
TXN04303,AP0812,2023-02-26,Uber,Entertainment,16184.26
TXN04304,AP0548,2025-01-07,Uber,Shopping,3883.11
TXN04305,AP0326,2023-05-22,Uber,Travel,13062.57
TXN04306,AP0744,2025-02-25,Amazon,Utilities,15853.62
TXN04307,AP0318,2023-04-28,Zomato,Utilities,47869.05
TXN04308,AP0941,2024-05-16,Swiggy,Utilities,17749.24
TXN04309,AP0686,2025-02-27,Flipkart,Entertainment,20719.71
TXN04310,AP0386,2023-12-08,Zomato,Travel,49788.29
TXN04311,AP0371,2024-05-30,Zomato,Entertainment,49390.85
TXN04312,AP0096,2024-10-27,Uber,Travel,34568.08
TXN04313,AP0013,2024-07-02,Big Bazaar,Entertainment,38493.33
TXN04314,AP0522,2024-07-19,MakeMyTrip,Travel,17995.95
TXN04315,AP0761,2024-12-28,Zomato,Travel,28566.81
TXN04316,AP0690,2025-01-01,Big Bazaar,Utilities,7061.03
TXN04317,AP0618,2024-07-31,Big Bazaar,Dining,23677.2
TXN04318,AP0319,2023-10-24,Swiggy,Travel,26210.8
TXN04319,AP0320,2023-03-05,MakeMyTrip,Shopping,14314.2
TXN04320,AP0439,2023-06-03,Uber,Travel,29305.83
TXN04321,AP0479,2023-10-07,Ola,Entertainment,14499.78
TXN04322,AP0236,2023-08-26,Myntra,Entertainment,37998.67
TXN04323,AP0246,2023-08-30,Big Bazaar,Travel,44146.3
TXN04324,AP0643,2024-01-30,Ola,Dining,16639.58
TXN04325,AP0847,2023-07-29,Big Bazaar,Shopping,22469.94
TXN04326,AP0984,2023-11-01,Myntra,Shopping,12944.47
TXN04327,AP0367,2024-07-05,MakeMyTrip,Groceries,2849.94
TXN04328,AP0311,2023-12-29,Zomato,Entertainment,5222.64
TXN04329,AP0501,2023-01-29,Zomato,Travel,4642.68
TXN04330,AP0386,2023-09-23,Amazon,Travel,1771.51
TXN04331,AP0701,2023-02-07,Uber,Shopping,22448.07
TXN04332,AP0268,2023-02-27,Amazon,Dining,46644.72
TXN04333,AP0948,2024-01-16,MakeMyTrip,Travel,348.36
TXN04334,AP0911,2024-06-20,Zomato,Groceries,23914.07
TXN04335,AP0769,2025-03-29,Ola,Entertainment,31810.49
TXN04336,AP0365,2023-08-03,Amazon,Utilities,20143.18
TXN04337,AP0536,2023-08-10,Swiggy,Dining,24840.14
TXN04338,AP0684,2023-11-09,MakeMyTrip,Dining,12927.85
TXN04339,AP0668,2023-12-21,Flipkart,Groceries,5890.45
TXN04340,AP0283,2023-10-31,Big Bazaar,Utilities,41769.24
TXN04341,AP0304,2024-10-03,Zomato,Entertainment,13374.92
TXN04342,AP0099,2024-02-23,Myntra,Travel,267.21
TXN04343,AP0227,2023-06-29,Zomato,Shopping,21072.29
TXN04344,AP0165,2023-12-04,Myntra,Entertainment,17908.09
TXN04345,AP0753,2024-03-17,Myntra,Utilities,2019.02
TXN04346,AP0762,2024-09-03,IRCTC,Utilities,37723.84
TXN04347,AP0313,2023-05-04,Myntra,Groceries,48017.62
TXN04348,AP0157,2024-01-15,MakeMyTrip,Groceries,27446.99
TXN04349,AP0731,2024-02-17,Zomato,Shopping,28241.25
TXN04350,AP0815,2024-08-29,IRCTC,Groceries,11217.01
TXN04351,AP0966,2023-09-29,Swiggy,Utilities,41775.92
TXN04352,AP0061,2024-11-23,Myntra,Dining,45934.31
TXN04353,AP0478,2023-11-23,Zomato,Dining,1564.84
TXN04354,AP0672,2024-10-05,Big Bazaar,Shopping,35555.13
TXN04355,AP0739,2023-03-31,MakeMyTrip,Dining,32105.18
TXN04356,AP0394,2025-02-01,Uber,Dining,18113.48
TXN04357,AP0287,2023-12-04,Uber,Shopping,14461.15
TXN04358,AP0043,2024-01-22,Myntra,Shopping,14608.49
TXN04359,AP0202,2024-04-30,Uber,Utilities,31951.3
TXN04360,AP0078,2023-04-23,Uber,Dining,7201.76
TXN04361,AP0774,2023-11-30,Myntra,Groceries,33067.22
TXN04362,AP0064,2023-07-15,Swiggy,Groceries,32066.01
TXN04363,AP0086,2023-03-27,MakeMyTrip,Dining,33517.57
TXN04364,AP0849,2023-08-08,Swiggy,Groceries,9151.75
TXN04365,AP0736,2024-02-10,MakeMyTrip,Dining,24588.81
TXN04366,AP0516,2023-06-15,Flipkart,Groceries,24029.29
TXN04367,AP0071,2023-04-04,Myntra,Utilities,20653.27
TXN04368,AP0297,2023-11-27,Ola,Shopping,13551.12
TXN04369,AP0187,2023-05-18,Zomato,Travel,16204.24
TXN04370,AP0153,2024-03-10,Ola,Groceries,3194.92
TXN04371,AP0934,2023-07-04,MakeMyTrip,Entertainment,3600.06
TXN04372,AP0868,2024-02-07,Big Bazaar,Utilities,1306.15
TXN04373,AP0017,2023-04-08,MakeMyTrip,Groceries,28694.57
TXN04374,AP0272,2025-02-01,Ola,Travel,25075.79
TXN04375,AP0680,2024-02-15,Flipkart,Dining,14908.9
TXN04376,AP0380,2024-02-17,Big Bazaar,Groceries,32197.18
TXN04377,AP0536,2023-08-01,Ola,Travel,22251.64
TXN04378,AP0672,2024-09-07,IRCTC,Utilities,16425.43
TXN04379,AP0412,2024-12-02,MakeMyTrip,Utilities,34288.43
TXN04380,AP0103,2024-04-10,Swiggy,Dining,8515.13
TXN04381,AP0257,2024-05-13,MakeMyTrip,Shopping,3330.65
TXN04382,AP0606,2024-02-08,Swiggy,Travel,31743.46
TXN04383,AP0601,2024-02-24,Uber,Travel,37645.7
TXN04384,AP0862,2024-09-30,Myntra,Utilities,35811.6
TXN04385,AP0569,2024-07-05,Myntra,Entertainment,46532.46
TXN04386,AP0008,2023-06-20,Amazon,Shopping,41734.55
TXN04387,AP0290,2024-10-14,Uber,Travel,13275.15
TXN04388,AP0027,2023-03-04,Flipkart,Dining,33921.57
TXN04389,AP0046,2023-08-10,Amazon,Groceries,15651.89
TXN04390,AP0613,2025-01-10,MakeMyTrip,Shopping,4716.09
TXN04391,AP0277,2024-03-04,Zomato,Groceries,4310.77
TXN04392,AP0462,2023-03-21,Amazon,Travel,47781.97
TXN04393,AP0235,2023-09-11,IRCTC,Shopping,13811.31
TXN04394,AP0863,2024-07-28,Big Bazaar,Entertainment,15323.09
TXN04395,AP0347,2024-11-04,Swiggy,Utilities,33608.07
TXN04396,AP0285,2023-07-31,Zomato,Groceries,38370.55
TXN04397,AP0586,2024-10-11,Uber,Groceries,37308.34
TXN04398,AP0005,2023-07-24,Myntra,Travel,4406.93
TXN04399,AP0301,2024-01-07,MakeMyTrip,Travel,9291.28
TXN04400,AP0013,2024-04-06,Big Bazaar,Groceries,27568.08
TXN04401,AP0163,2023-04-20,Swiggy,Groceries,15590.65
TXN04402,AP0660,2024-06-30,Myntra,Shopping,19563.51
TXN04403,AP0789,2024-11-27,IRCTC,Utilities,41586.68
TXN04404,AP0273,2023-08-25,Uber,Travel,8179.66
TXN04405,AP0359,2024-03-13,Zomato,Groceries,17955.49
TXN04406,AP0354,2023-04-06,Myntra,Shopping,22545.27
TXN04407,AP0298,2024-03-03,Swiggy,Shopping,31520.96
TXN04408,AP0751,2023-03-24,Big Bazaar,Dining,38519.71
TXN04409,AP0708,2023-12-21,Myntra,Dining,6693.98
TXN04410,AP0136,2023-06-21,Zomato,Travel,23991.42
TXN04411,AP0530,2023-11-19,Ola,Groceries,4261.99
TXN04412,AP0227,2023-10-07,Big Bazaar,Utilities,14674.93
TXN04413,AP0028,2023-12-08,MakeMyTrip,Shopping,4439.51
TXN04414,AP0725,2023-11-05,Uber,Utilities,23232.87
TXN04415,AP0268,2025-01-13,Myntra,Groceries,43857.38
TXN04416,AP0742,2023-04-14,Myntra,Entertainment,28134.59
TXN04417,AP0577,2023-05-24,Amazon,Utilities,31434.15
TXN04418,AP0822,2023-07-25,MakeMyTrip,Shopping,29027.86
TXN04419,AP0563,2023-06-15,Amazon,Travel,31271.49
TXN04420,AP0137,2024-10-14,Big Bazaar,Groceries,38825.23
TXN04421,AP0055,2024-08-17,Zomato,Travel,11640.14
TXN04422,AP0589,2024-02-18,Zomato,Travel,9105.21
TXN04423,AP0933,2025-02-21,Big Bazaar,Shopping,6324.64
TXN04424,AP0737,2024-08-19,Uber,Utilities,22654.73
TXN04425,AP0134,2024-05-08,Flipkart,Groceries,45814.13
TXN04426,AP0251,2024-03-13,Amazon,Travel,36073.7
TXN04427,AP0863,2023-02-09,Swiggy,Shopping,47704.07
TXN04428,AP0632,2023-03-08,Swiggy,Entertainment,7605.22
TXN04429,AP0049,2023-03-13,Swiggy,Utilities,33447.06
TXN04430,AP0901,2023-10-09,Flipkart,Dining,29424.86
TXN04431,AP0025,2025-03-08,IRCTC,Travel,33487.96
TXN04432,AP0330,2024-11-07,Amazon,Travel,25357.87
TXN04433,AP0198,2025-03-02,Swiggy,Dining,15387.49
TXN04434,AP0209,2024-03-06,Myntra,Travel,34284.4
TXN04435,AP0131,2025-03-09,Uber,Shopping,36374.61
TXN04436,AP0560,2024-11-15,IRCTC,Shopping,25167.28
TXN04437,AP0135,2025-02-14,Big Bazaar,Entertainment,44871.17
TXN04438,AP0943,2023-09-01,Myntra,Entertainment,28667.8
TXN04439,AP0928,2024-09-04,Ola,Entertainment,40182.13
TXN04440,AP0854,2023-03-13,Swiggy,Entertainment,39142.71
TXN04441,AP0862,2025-01-25,Zomato,Dining,9916.62
TXN04442,AP0074,2023-01-31,Flipkart,Groceries,46762.66
TXN04443,AP0529,2024-04-30,Amazon,Utilities,43310.05
TXN04444,AP0765,2023-11-02,Ola,Shopping,9308.59
TXN04445,AP0737,2023-07-15,Ola,Utilities,10642.42
TXN04446,AP0633,2023-12-11,Myntra,Shopping,21739.26
TXN04447,AP0452,2025-03-19,Uber,Utilities,21003.23
TXN04448,AP0808,2024-11-10,Zomato,Groceries,19407.43
TXN04449,AP0704,2024-09-22,Ola,Shopping,39892.0
TXN04450,AP0275,2023-03-28,Zomato,Travel,30936.35
TXN04451,AP0230,2024-09-07,Swiggy,Dining,18132.11
TXN04452,AP0247,2024-10-06,Uber,Travel,25238.33
TXN04453,AP0380,2023-11-27,Myntra,Shopping,11343.63
TXN04454,AP0015,2023-12-03,Myntra,Travel,23943.3
TXN04455,AP0915,2023-09-25,Big Bazaar,Shopping,27349.94
TXN04456,AP0858,2024-10-21,MakeMyTrip,Utilities,4904.38
TXN04457,AP0962,2023-07-30,MakeMyTrip,Entertainment,47543.5
TXN04458,AP0916,2023-01-06,Uber,Dining,26587.8
TXN04459,AP0312,2024-08-05,Amazon,Utilities,42380.12
TXN04460,AP0604,2024-08-27,Swiggy,Utilities,16454.82
TXN04461,AP0044,2024-11-13,Amazon,Entertainment,803.37
TXN04462,AP0095,2024-11-25,MakeMyTrip,Dining,33569.71
TXN04463,AP0671,2024-04-11,Swiggy,Groceries,24817.85
TXN04464,AP0940,2024-05-04,Swiggy,Utilities,34363.54
TXN04465,AP0886,2024-11-15,Amazon,Travel,38944.93
TXN04466,AP0722,2024-08-20,Amazon,Travel,6886.72
TXN04467,AP0151,2023-09-03,Swiggy,Entertainment,7824.97
TXN04468,AP0221,2023-09-28,IRCTC,Utilities,28064.61
TXN04469,AP0019,2023-06-20,Flipkart,Dining,32619.86
TXN04470,AP0400,2023-11-11,Zomato,Dining,22394.23
TXN04471,AP0475,2024-12-30,Flipkart,Shopping,3178.78
TXN04472,AP0053,2023-03-02,Swiggy,Entertainment,42617.34
TXN04473,AP0216,2024-08-14,Ola,Utilities,36355.24
TXN04474,AP0684,2024-11-07,Myntra,Groceries,38203.7
TXN04475,AP0401,2023-10-19,Uber,Dining,24007.57
TXN04476,AP0567,2024-12-26,Myntra,Dining,47580.16
TXN04477,AP0780,2023-10-02,Swiggy,Groceries,31613.67
TXN04478,AP0271,2024-11-09,MakeMyTrip,Dining,14230.22
TXN04479,AP0220,2024-07-29,IRCTC,Shopping,22220.57
TXN04480,AP0266,2025-03-15,Flipkart,Shopping,29277.54
TXN04481,AP0003,2024-06-11,Uber,Travel,677.94
TXN04482,AP0175,2024-07-26,Big Bazaar,Travel,24911.58
TXN04483,AP0750,2024-12-02,Amazon,Utilities,17902.98
TXN04484,AP0962,2023-12-19,MakeMyTrip,Travel,37059.64
TXN04485,AP0663,2023-07-14,Ola,Shopping,43921.79
TXN04486,AP0018,2023-10-25,Flipkart,Dining,7035.71
TXN04487,AP0546,2024-06-21,Big Bazaar,Dining,13503.39
TXN04488,AP0657,2024-12-05,Flipkart,Groceries,13331.12
TXN04489,AP0877,2023-06-13,Amazon,Dining,12794.41
TXN04490,AP0651,2025-02-20,Ola,Dining,48276.71
TXN04491,AP0368,2023-09-10,Swiggy,Entertainment,6234.52
TXN04492,AP0343,2024-09-23,Zomato,Dining,1649.31
TXN04493,AP0404,2023-11-19,Flipkart,Groceries,38988.14
TXN04494,AP0757,2025-01-28,Zomato,Shopping,48411.31
TXN04495,AP0756,2025-02-28,IRCTC,Entertainment,42042.0
TXN04496,AP0613,2023-06-15,Zomato,Utilities,22683.57
TXN04497,AP0621,2024-04-08,Amazon,Utilities,45324.82
TXN04498,AP0970,2024-11-08,IRCTC,Travel,41767.53
TXN04499,AP0160,2023-10-17,MakeMyTrip,Shopping,9622.93
TXN04500,AP0481,2023-12-18,Big Bazaar,Utilities,24689.51
TXN04501,AP0762,2023-07-08,Ola,Dining,18650.2
TXN04502,AP0629,2024-11-17,Swiggy,Utilities,20556.8
TXN04503,AP0192,2023-05-20,Big Bazaar,Utilities,16926.84
TXN04504,AP0035,2025-04-01,Swiggy,Dining,28731.65
TXN04505,AP0852,2024-05-16,Big Bazaar,Utilities,9812.4
TXN04506,AP0336,2023-04-13,Zomato,Shopping,19775.33
TXN04507,AP0464,2023-01-01,Amazon,Shopping,1603.87
TXN04508,AP0020,2023-10-23,Flipkart,Entertainment,35328.37
TXN04509,AP0935,2024-09-08,Ola,Groceries,14957.63
TXN04510,AP0299,2024-04-04,Ola,Shopping,19867.42
TXN04511,AP0381,2024-11-15,Swiggy,Utilities,41219.76
TXN04512,AP0798,2023-02-04,MakeMyTrip,Utilities,36749.77
TXN04513,AP0124,2023-10-20,MakeMyTrip,Dining,10033.13
TXN04514,AP0415,2024-01-27,Uber,Utilities,7531.37
TXN04515,AP0793,2024-08-24,Myntra,Groceries,13778.66
TXN04516,AP0331,2023-06-25,Myntra,Utilities,192.72
TXN04517,AP0843,2024-09-17,Ola,Shopping,39209.81
TXN04518,AP0202,2024-02-09,Ola,Travel,20245.07
TXN04519,AP0752,2024-05-23,Amazon,Utilities,14492.01
TXN04520,AP0291,2024-11-10,Swiggy,Dining,3083.67
TXN04521,AP0835,2024-05-13,Big Bazaar,Groceries,43578.65
TXN04522,AP0582,2023-06-09,Myntra,Groceries,38736.53
TXN04523,AP0626,2023-04-28,Uber,Travel,2252.26
TXN04524,AP0036,2024-05-15,Amazon,Groceries,40823.61
TXN04525,AP0373,2023-01-14,Ola,Shopping,33665.52
TXN04526,AP0614,2025-03-06,Ola,Entertainment,27627.4
TXN04527,AP0716,2024-03-15,Big Bazaar,Travel,38719.61
TXN04528,AP0641,2024-03-14,Myntra,Groceries,9222.9
TXN04529,AP0150,2024-12-24,Ola,Utilities,31897.51
TXN04530,AP0331,2024-07-15,Uber,Utilities,32966.38
TXN04531,AP0104,2023-07-21,Myntra,Groceries,6370.32
TXN04532,AP0570,2025-02-15,Ola,Dining,13508.24
TXN04533,AP0810,2024-01-30,Myntra,Utilities,36084.31
TXN04534,AP0506,2024-09-16,Myntra,Entertainment,23860.7
TXN04535,AP0897,2023-11-07,Uber,Groceries,28965.05
TXN04536,AP0949,2024-03-23,Big Bazaar,Utilities,1833.46
TXN04537,AP0477,2023-11-09,MakeMyTrip,Groceries,38223.7
TXN04538,AP0035,2024-01-03,Zomato,Groceries,15958.69
TXN04539,AP0701,2023-11-21,Amazon,Entertainment,2460.23
TXN04540,AP0164,2023-05-10,Flipkart,Entertainment,2111.72
TXN04541,AP0865,2024-06-22,Swiggy,Travel,27628.84
TXN04542,AP0896,2023-08-21,Swiggy,Utilities,31575.0
TXN04543,AP0538,2023-02-02,Amazon,Groceries,36199.92
TXN04544,AP0349,2023-11-04,Amazon,Travel,26674.2
TXN04545,AP0624,2024-03-05,Flipkart,Groceries,30602.91
TXN04546,AP0088,2024-07-22,Swiggy,Shopping,34699.29
TXN04547,AP0684,2025-01-06,Swiggy,Utilities,24331.4
TXN04548,AP0780,2023-03-19,Flipkart,Utilities,26012.53
TXN04549,AP0721,2024-04-25,Myntra,Groceries,46352.47
TXN04550,AP0290,2024-11-12,Big Bazaar,Groceries,49982.12
TXN04551,AP0957,2024-05-18,Myntra,Entertainment,23554.25
TXN04552,AP0167,2023-10-22,Flipkart,Shopping,33615.95
TXN04553,AP0709,2024-11-12,Zomato,Utilities,38535.79
TXN04554,AP0596,2024-07-15,MakeMyTrip,Shopping,43298.46
TXN04555,AP0499,2023-01-24,IRCTC,Dining,36760.34
TXN04556,AP0396,2023-05-07,IRCTC,Groceries,4710.2
TXN04557,AP0104,2025-02-06,Amazon,Entertainment,49375.63
TXN04558,AP0305,2025-02-15,MakeMyTrip,Dining,4917.44
TXN04559,AP0915,2023-07-14,IRCTC,Utilities,37524.76
TXN04560,AP0457,2023-12-17,Ola,Dining,41893.06
TXN04561,AP0721,2024-02-14,Amazon,Shopping,30918.06
TXN04562,AP0805,2024-04-22,Flipkart,Groceries,44073.01
TXN04563,AP0281,2024-12-12,Big Bazaar,Dining,42162.82
TXN04564,AP0010,2024-04-26,MakeMyTrip,Groceries,9457.94
TXN04565,AP0486,2023-10-26,Zomato,Utilities,31114.92
TXN04566,AP0294,2025-02-11,Flipkart,Travel,11207.47
TXN04567,AP0130,2023-11-19,Big Bazaar,Shopping,2304.15
TXN04568,AP0481,2023-03-02,Zomato,Utilities,31305.08
TXN04569,AP0434,2023-06-19,Swiggy,Dining,14419.63
TXN04570,AP0517,2024-12-09,MakeMyTrip,Travel,45818.63
TXN04571,AP0587,2024-02-09,Myntra,Travel,34415.55
TXN04572,AP0149,2023-11-12,MakeMyTrip,Shopping,27141.08
TXN04573,AP0160,2025-01-27,Zomato,Shopping,17266.51
TXN04574,AP0967,2024-04-11,Zomato,Travel,9163.33
TXN04575,AP0426,2025-01-28,Ola,Travel,607.79
TXN04576,AP0732,2024-08-03,Swiggy,Entertainment,13418.54
TXN04577,AP0645,2023-12-18,Amazon,Travel,43871.01
TXN04578,AP0344,2025-03-19,Swiggy,Dining,40595.7
TXN04579,AP0817,2023-09-06,Ola,Dining,17875.27
TXN04580,AP0584,2023-10-07,Amazon,Dining,44680.94
TXN04581,AP0737,2023-11-01,Amazon,Groceries,44594.5
TXN04582,AP0386,2023-10-22,MakeMyTrip,Groceries,39646.75
TXN04583,AP0848,2025-02-27,Big Bazaar,Entertainment,2596.83
TXN04584,AP0232,2024-05-26,Uber,Entertainment,24491.32
TXN04585,AP0855,2025-01-19,Uber,Entertainment,36642.58
TXN04586,AP0431,2024-08-20,MakeMyTrip,Dining,49827.01
TXN04587,AP0342,2024-08-03,Swiggy,Utilities,25862.27
TXN04588,AP0803,2023-09-26,Flipkart,Dining,15385.9
TXN04589,AP0310,2023-02-28,IRCTC,Utilities,9379.25
TXN04590,AP0476,2023-11-14,Ola,Groceries,45688.17
TXN04591,AP0066,2024-02-19,Big Bazaar,Dining,19708.37
TXN04592,AP0587,2024-03-07,Big Bazaar,Travel,42943.22
TXN04593,AP0438,2024-04-28,Zomato,Entertainment,8514.17
TXN04594,AP0935,2024-07-11,Ola,Travel,27261.78
TXN04595,AP0641,2024-06-01,Swiggy,Shopping,45457.55
TXN04596,AP0185,2023-02-07,Amazon,Utilities,12577.55
TXN04597,AP0938,2023-06-02,Ola,Entertainment,32393.93
TXN04598,AP0795,2025-03-18,IRCTC,Groceries,10205.57
TXN04599,AP0834,2024-10-08,Amazon,Dining,5829.96
TXN04600,AP0577,2024-02-29,MakeMyTrip,Dining,45256.72
TXN04601,AP0250,2024-05-18,MakeMyTrip,Shopping,41189.82
TXN04602,AP0016,2023-09-09,Flipkart,Dining,913.91
TXN04603,AP0678,2024-10-05,Flipkart,Shopping,22832.7
TXN04604,AP0106,2024-06-27,Ola,Shopping,14020.49
TXN04605,AP0231,2023-11-11,Swiggy,Dining,24478.3
TXN04606,AP0690,2023-02-14,MakeMyTrip,Travel,19543.83
TXN04607,AP0210,2025-02-12,IRCTC,Dining,2601.8
TXN04608,AP0061,2024-10-02,Amazon,Utilities,26693.2
TXN04609,AP0373,2023-04-18,Zomato,Dining,26540.17
TXN04610,AP0842,2024-12-05,MakeMyTrip,Groceries,27871.51
TXN04611,AP0986,2023-10-29,Big Bazaar,Groceries,11391.97
TXN04612,AP0769,2024-01-10,MakeMyTrip,Shopping,10652.22
TXN04613,AP0404,2025-03-19,MakeMyTrip,Shopping,38687.29
TXN04614,AP0047,2023-11-11,Zomato,Groceries,9082.92
TXN04615,AP0409,2023-12-26,Ola,Travel,3245.09
TXN04616,AP0977,2025-02-03,IRCTC,Travel,8020.59
TXN04617,AP0121,2023-09-12,Zomato,Utilities,10847.13
TXN04618,AP0126,2023-06-10,Myntra,Dining,31935.3
TXN04619,AP0978,2024-04-22,Big Bazaar,Dining,34875.05
TXN04620,AP0834,2023-10-02,Swiggy,Entertainment,14941.92
TXN04621,AP0653,2024-07-03,IRCTC,Entertainment,46360.98
TXN04622,AP0163,2024-12-27,IRCTC,Groceries,19604.15
TXN04623,AP0160,2023-11-10,Amazon,Travel,44110.34
TXN04624,AP0843,2023-11-18,Ola,Utilities,36389.41
TXN04625,AP0569,2024-03-15,Big Bazaar,Utilities,44659.09
TXN04626,AP0016,2023-10-08,Flipkart,Groceries,6775.08
TXN04627,AP0656,2024-08-11,IRCTC,Shopping,25580.36
TXN04628,AP0532,2024-09-03,Zomato,Utilities,18510.11
TXN04629,AP0058,2024-10-01,Uber,Utilities,21746.73
TXN04630,AP0519,2024-02-29,Myntra,Travel,11844.25
TXN04631,AP0585,2025-03-08,Flipkart,Entertainment,16976.91
TXN04632,AP0308,2024-02-23,IRCTC,Travel,33301.13
TXN04633,AP0586,2024-02-23,Myntra,Dining,24301.67
TXN04634,AP0770,2024-05-13,Big Bazaar,Shopping,33473.76
TXN04635,AP0211,2024-06-16,Swiggy,Dining,35753.26
TXN04636,AP0394,2023-05-22,Myntra,Groceries,49549.74
TXN04637,AP0266,2023-07-22,Uber,Dining,25541.37
TXN04638,AP0062,2024-07-11,Big Bazaar,Entertainment,8519.09
TXN04639,AP0822,2023-08-26,MakeMyTrip,Groceries,4330.99
TXN04640,AP0799,2023-09-20,Amazon,Shopping,44546.11
TXN04641,AP0867,2023-01-28,IRCTC,Dining,19655.11
TXN04642,AP0891,2024-05-19,Ola,Utilities,20201.01
TXN04643,AP0523,2024-04-26,Ola,Shopping,28945.09
TXN04644,AP0707,2024-03-19,Zomato,Entertainment,15959.95
TXN04645,AP0149,2023-06-22,Zomato,Groceries,9132.2
TXN04646,AP0344,2024-08-22,Big Bazaar,Utilities,6364.44
TXN04647,AP0920,2024-10-06,Ola,Travel,47767.67
TXN04648,AP0229,2024-04-25,Myntra,Entertainment,49925.08
TXN04649,AP0879,2024-08-29,Amazon,Travel,36610.8
TXN04650,AP0884,2023-04-06,Myntra,Utilities,15101.06
TXN04651,AP0022,2023-11-23,Myntra,Shopping,44949.97
TXN04652,AP0144,2023-04-04,Ola,Travel,11042.61
TXN04653,AP0225,2024-02-02,MakeMyTrip,Utilities,35752.55
TXN04654,AP0821,2023-01-07,MakeMyTrip,Dining,35051.11
TXN04655,AP0354,2023-09-10,Swiggy,Dining,15187.14
TXN04656,AP0335,2024-12-04,Ola,Utilities,33154.18
TXN04657,AP0569,2023-06-25,IRCTC,Utilities,9724.12
TXN04658,AP0480,2023-02-02,IRCTC,Shopping,37559.28
TXN04659,AP0092,2023-10-03,Zomato,Shopping,10471.72
TXN04660,AP0459,2023-10-22,Myntra,Groceries,15934.76
TXN04661,AP0843,2024-02-28,IRCTC,Travel,42330.34
TXN04662,AP0789,2024-12-11,Swiggy,Dining,17364.33
TXN04663,AP0761,2023-04-09,Amazon,Groceries,35901.07
TXN04664,AP0815,2023-05-01,Big Bazaar,Entertainment,22525.57
TXN04665,AP0847,2024-09-01,Uber,Entertainment,34943.58
TXN04666,AP0512,2023-04-21,Zomato,Travel,27896.16
TXN04667,AP0348,2024-11-18,Uber,Groceries,19647.83
TXN04668,AP0015,2024-05-01,IRCTC,Groceries,5307.51
TXN04669,AP0891,2023-03-06,Ola,Shopping,6255.11
TXN04670,AP0583,2023-06-07,Uber,Dining,41943.34
TXN04671,AP0683,2024-06-01,Zomato,Groceries,21568.93
TXN04672,AP0563,2024-09-04,Swiggy,Shopping,15503.13
TXN04673,AP0898,2023-03-28,Amazon,Groceries,27766.66
TXN04674,AP0609,2025-01-26,IRCTC,Utilities,649.72
TXN04675,AP0997,2023-07-03,Myntra,Utilities,35923.25
TXN04676,AP0947,2024-10-29,Flipkart,Travel,11542.29
TXN04677,AP0957,2024-12-13,Big Bazaar,Shopping,23160.19
TXN04678,AP0213,2024-05-28,Ola,Dining,35329.01
TXN04679,AP0086,2024-04-30,Ola,Dining,20673.03
TXN04680,AP0109,2023-03-14,Swiggy,Dining,27477.83
TXN04681,AP0266,2023-11-15,Amazon,Groceries,33313.9
TXN04682,AP0455,2023-06-03,Flipkart,Shopping,46419.42
TXN04683,AP0565,2023-05-23,Big Bazaar,Utilities,22167.34
TXN04684,AP0846,2023-06-09,Swiggy,Shopping,48478.79
TXN04685,AP0620,2023-10-04,Amazon,Dining,34069.73
TXN04686,AP0201,2024-07-29,Ola,Utilities,1580.8
TXN04687,AP0412,2024-12-01,Flipkart,Groceries,42790.21
TXN04688,AP0473,2023-01-07,Swiggy,Groceries,43901.19
TXN04689,AP0362,2024-09-11,Amazon,Shopping,12836.62
TXN04690,AP0207,2023-08-18,Flipkart,Shopping,35185.2
TXN04691,AP0118,2024-05-27,Uber,Groceries,17111.25
TXN04692,AP0547,2024-05-16,Amazon,Utilities,35473.8
TXN04693,AP0354,2025-03-11,Zomato,Utilities,5770.04
TXN04694,AP0089,2023-05-24,Zomato,Shopping,14858.29
TXN04695,AP0160,2024-11-20,Zomato,Dining,12442.83
TXN04696,AP0766,2024-04-21,Amazon,Entertainment,6049.06
TXN04697,AP0610,2024-01-17,Amazon,Travel,48041.53
TXN04698,AP0893,2024-04-23,IRCTC,Shopping,19971.34
TXN04699,AP0108,2024-01-29,Swiggy,Travel,30945.53
TXN04700,AP0999,2023-07-12,MakeMyTrip,Groceries,3485.25
TXN04701,AP0612,2024-04-22,Zomato,Travel,16736.79
TXN04702,AP0733,2023-08-15,Swiggy,Groceries,48955.36
TXN04703,AP0657,2023-05-05,Myntra,Groceries,26718.59
TXN04704,AP0529,2023-06-21,Myntra,Groceries,11460.17
TXN04705,AP0214,2024-09-12,IRCTC,Groceries,12147.38
TXN04706,AP0679,2025-03-02,Big Bazaar,Utilities,45159.87
TXN04707,AP0588,2023-11-16,MakeMyTrip,Dining,33092.26
TXN04708,AP0958,2024-05-15,MakeMyTrip,Travel,35755.29
TXN04709,AP0559,2023-12-06,Big Bazaar,Entertainment,29357.48
TXN04710,AP0960,2024-08-21,Swiggy,Entertainment,27028.49
TXN04711,AP0884,2023-08-17,Swiggy,Travel,11841.2
TXN04712,AP0194,2023-03-05,Zomato,Shopping,23235.39
TXN04713,AP0990,2024-01-31,IRCTC,Entertainment,38873.22
TXN04714,AP0800,2023-07-02,Uber,Shopping,46263.42
TXN04715,AP0387,2024-10-14,Amazon,Shopping,6561.54
TXN04716,AP0073,2025-02-25,IRCTC,Shopping,36127.86
TXN04717,AP0850,2024-06-29,Myntra,Utilities,28331.79
TXN04718,AP0669,2023-12-13,Big Bazaar,Groceries,1391.05
TXN04719,AP0276,2023-03-23,MakeMyTrip,Shopping,35488.07
TXN04720,AP0461,2023-03-11,Myntra,Dining,36969.15
TXN04721,AP0879,2024-06-18,Myntra,Shopping,29569.8
TXN04722,AP0926,2024-12-15,Big Bazaar,Travel,12996.83
TXN04723,AP0578,2024-09-16,Zomato,Shopping,44300.03
TXN04724,AP0288,2024-10-04,Big Bazaar,Utilities,5365.3
TXN04725,AP0974,2024-11-04,Big Bazaar,Entertainment,43428.81
TXN04726,AP0054,2023-04-26,Flipkart,Travel,15898.82
TXN04727,AP0594,2024-12-15,Big Bazaar,Entertainment,3375.66
TXN04728,AP0378,2023-01-08,Swiggy,Groceries,44684.65
TXN04729,AP0638,2024-09-08,Amazon,Entertainment,43431.41
TXN04730,AP0591,2024-11-24,Ola,Dining,49101.19
TXN04731,AP0361,2023-07-02,IRCTC,Shopping,30410.39
TXN04732,AP0029,2023-02-07,Big Bazaar,Travel,22982.37
TXN04733,AP0463,2023-05-31,Zomato,Groceries,40615.21
TXN04734,AP0448,2023-11-21,IRCTC,Groceries,7736.78
TXN04735,AP0092,2024-12-17,MakeMyTrip,Utilities,48254.56
TXN04736,AP0325,2024-03-29,Myntra,Entertainment,35204.41
TXN04737,AP0998,2023-11-07,Flipkart,Entertainment,13466.81
TXN04738,AP0478,2023-07-30,Big Bazaar,Travel,29446.65
TXN04739,AP0510,2023-01-03,Amazon,Shopping,11713.05
TXN04740,AP0979,2024-05-13,Swiggy,Entertainment,589.54
TXN04741,AP0414,2024-09-16,Ola,Shopping,10174.77
TXN04742,AP0695,2023-12-27,Ola,Shopping,6561.33
TXN04743,AP0286,2024-10-26,Flipkart,Travel,21608.53
TXN04744,AP0295,2024-01-10,MakeMyTrip,Dining,23752.18
TXN04745,AP0450,2024-06-14,IRCTC,Travel,9374.97
TXN04746,AP0052,2024-06-10,Zomato,Utilities,47372.97
TXN04747,AP0675,2024-08-27,IRCTC,Groceries,35159.92
TXN04748,AP0094,2024-07-02,Amazon,Groceries,2933.43
TXN04749,AP0395,2024-01-10,Uber,Groceries,3540.86
TXN04750,AP0157,2023-08-10,Amazon,Dining,14748.87
TXN04751,AP0282,2024-02-28,Uber,Groceries,49158.14
TXN04752,AP0840,2023-08-25,Ola,Utilities,2074.25
TXN04753,AP0311,2023-06-29,IRCTC,Utilities,20849.1
TXN04754,AP0583,2024-06-03,Swiggy,Entertainment,40967.23
TXN04755,AP0304,2024-01-04,Uber,Dining,40208.11
TXN04756,AP0454,2024-07-05,Zomato,Entertainment,14293.48
TXN04757,AP0682,2023-02-06,Uber,Utilities,17792.06
TXN04758,AP0995,2023-04-12,Big Bazaar,Entertainment,34393.94
TXN04759,AP0212,2023-04-05,Big Bazaar,Shopping,31710.66
TXN04760,AP0652,2024-08-10,Swiggy,Travel,32363.49
TXN04761,AP0083,2025-03-10,Myntra,Dining,18088.54
TXN04762,AP0765,2023-12-29,Uber,Dining,17321.73
TXN04763,AP0225,2024-05-24,Big Bazaar,Utilities,42341.99
TXN04764,AP0458,2023-05-20,MakeMyTrip,Dining,240.29
TXN04765,AP0942,2023-02-01,Myntra,Dining,6731.54
TXN04766,AP0548,2024-07-05,Swiggy,Dining,36246.97
TXN04767,AP0695,2023-04-20,MakeMyTrip,Dining,9450.71
TXN04768,AP0990,2024-06-15,Myntra,Travel,571.86
TXN04769,AP0727,2024-06-03,Ola,Utilities,46994.1
TXN04770,AP0106,2024-01-21,Amazon,Dining,5624.69
TXN04771,AP0983,2023-09-10,Big Bazaar,Utilities,3279.13
TXN04772,AP0427,2024-05-23,Swiggy,Groceries,15073.77
TXN04773,AP0633,2023-11-16,Amazon,Dining,33389.89
TXN04774,AP0408,2023-09-08,Uber,Travel,12409.53
TXN04775,AP0602,2023-11-10,Flipkart,Utilities,48635.26
TXN04776,AP0775,2024-03-10,Amazon,Groceries,30873.82
TXN04777,AP0814,2023-08-20,MakeMyTrip,Shopping,42266.42
TXN04778,AP0100,2024-07-26,Myntra,Travel,16007.91
TXN04779,AP0008,2024-04-19,Myntra,Travel,39145.11
TXN04780,AP0291,2023-11-28,Flipkart,Entertainment,31710.47
TXN04781,AP0466,2023-04-20,Ola,Groceries,18457.2
TXN04782,AP0164,2023-09-27,Big Bazaar,Shopping,38671.18
TXN04783,AP0148,2023-10-20,Myntra,Entertainment,11086.54
TXN04784,AP0317,2023-03-29,Swiggy,Travel,6166.46
TXN04785,AP0521,2024-04-28,Zomato,Shopping,34303.28
TXN04786,AP0863,2025-03-07,Myntra,Entertainment,37391.92
TXN04787,AP0423,2025-02-23,Ola,Entertainment,9854.63
TXN04788,AP0203,2024-09-10,Big Bazaar,Shopping,21507.77
TXN04789,AP0251,2025-02-11,Ola,Dining,10622.3
TXN04790,AP0141,2023-12-16,Swiggy,Utilities,11272.09
TXN04791,AP0284,2023-11-07,Flipkart,Shopping,20772.7
TXN04792,AP0538,2024-12-25,Ola,Utilities,8873.39
TXN04793,AP0446,2023-06-26,MakeMyTrip,Dining,13807.03
TXN04794,AP0581,2023-05-13,Amazon,Dining,30726.92
TXN04795,AP0896,2023-05-27,Flipkart,Groceries,32389.68
TXN04796,AP0227,2023-09-26,Flipkart,Groceries,29309.79
TXN04797,AP0452,2024-06-17,Flipkart,Entertainment,40770.17
TXN04798,AP0154,2024-12-14,MakeMyTrip,Utilities,16329.62
TXN04799,AP0384,2024-11-16,Zomato,Utilities,34401.38
TXN04800,AP0336,2023-02-10,IRCTC,Utilities,46781.7
TXN04801,AP0548,2023-11-06,MakeMyTrip,Entertainment,5772.15
TXN04802,AP0398,2025-02-06,Amazon,Shopping,12802.33
TXN04803,AP0032,2024-12-11,IRCTC,Dining,9279.88
TXN04804,AP0761,2024-01-03,Big Bazaar,Groceries,4092.61
TXN04805,AP0456,2024-09-08,IRCTC,Entertainment,49955.53
TXN04806,AP0512,2024-08-31,MakeMyTrip,Utilities,20699.55
TXN04807,AP0686,2024-05-04,Big Bazaar,Dining,32452.6
TXN04808,AP0476,2024-05-17,Zomato,Entertainment,18000.61
TXN04809,AP0406,2023-02-03,Amazon,Shopping,5169.89
TXN04810,AP0598,2023-03-12,Big Bazaar,Dining,25561.76
TXN04811,AP0056,2024-05-03,Amazon,Utilities,25106.03
TXN04812,AP0927,2024-03-05,Ola,Utilities,31506.88
TXN04813,AP0371,2024-08-26,Big Bazaar,Dining,35478.53
TXN04814,AP0742,2023-12-05,Ola,Utilities,8895.28
TXN04815,AP0684,2024-12-30,Swiggy,Groceries,22533.23
TXN04816,AP0013,2024-10-17,MakeMyTrip,Dining,7167.32
TXN04817,AP0685,2024-12-28,Myntra,Dining,1375.6
TXN04818,AP0463,2025-01-16,Uber,Shopping,10298.43
TXN04819,AP0727,2024-06-29,Uber,Shopping,34805.51
TXN04820,AP0880,2025-02-10,Big Bazaar,Dining,44066.62
TXN04821,AP0261,2023-11-03,Big Bazaar,Utilities,15480.16
TXN04822,AP0351,2023-08-26,Big Bazaar,Shopping,4854.93
TXN04823,AP0748,2024-03-18,Uber,Utilities,45700.09
TXN04824,AP0418,2024-03-23,IRCTC,Shopping,33802.82
TXN04825,AP0992,2024-05-25,Amazon,Utilities,6486.71
TXN04826,AP0956,2024-11-20,Ola,Groceries,2432.69
TXN04827,AP0982,2023-04-24,Big Bazaar,Groceries,27905.14
TXN04828,AP0537,2023-12-04,Zomato,Dining,37828.56
TXN04829,AP0415,2023-09-02,Swiggy,Travel,30587.38
TXN04830,AP0957,2023-09-22,Swiggy,Shopping,4484.99
TXN04831,AP0744,2024-06-24,MakeMyTrip,Shopping,27528.63
TXN04832,AP0341,2024-06-11,MakeMyTrip,Shopping,19942.43
TXN04833,AP0506,2023-06-20,Zomato,Shopping,2563.97
TXN04834,AP0354,2023-04-01,MakeMyTrip,Dining,49131.07
TXN04835,AP0858,2023-10-22,Amazon,Dining,31034.59
TXN04836,AP0426,2024-04-11,Swiggy,Entertainment,6880.22
TXN04837,AP0616,2024-07-31,Ola,Travel,24515.64
TXN04838,AP0951,2024-05-06,Big Bazaar,Travel,25936.3
TXN04839,AP0943,2023-11-15,Myntra,Groceries,4965.83
TXN04840,AP0845,2023-07-04,Uber,Entertainment,29399.67
TXN04841,AP0514,2024-07-15,Zomato,Groceries,25377.58
TXN04842,AP0789,2023-09-07,Uber,Groceries,26426.2
TXN04843,AP0019,2024-04-23,Big Bazaar,Groceries,43241.22
TXN04844,AP0243,2024-01-18,Big Bazaar,Travel,18542.71
TXN04845,AP0288,2023-07-19,Big Bazaar,Dining,46059.89
TXN04846,AP0968,2023-04-16,MakeMyTrip,Groceries,32567.88
TXN04847,AP0762,2023-05-08,MakeMyTrip,Utilities,40480.5
TXN04848,AP0514,2023-06-03,Zomato,Groceries,46373.53
TXN04849,AP0831,2024-08-23,Big Bazaar,Groceries,32351.65
TXN04850,AP0085,2025-01-07,Myntra,Groceries,14385.79
TXN04851,AP0209,2023-04-16,Zomato,Dining,34192.18
TXN04852,AP0382,2024-04-16,Big Bazaar,Shopping,48890.72
TXN04853,AP0424,2023-09-21,Amazon,Shopping,20391.46
TXN04854,AP0558,2024-09-26,Ola,Utilities,26139.18
TXN04855,AP0901,2024-01-09,Swiggy,Entertainment,48653.5
TXN04856,AP0200,2024-10-13,Myntra,Entertainment,36586.69
TXN04857,AP0147,2024-09-15,Flipkart,Shopping,37280.42
TXN04858,AP0589,2024-05-27,Flipkart,Shopping,6959.87
TXN04859,AP0157,2025-03-30,Uber,Travel,5809.27
TXN04860,AP0484,2023-05-08,IRCTC,Entertainment,27150.19
TXN04861,AP0732,2025-02-08,Flipkart,Utilities,48908.06
TXN04862,AP0363,2024-07-17,Swiggy,Shopping,24664.01
TXN04863,AP0389,2023-07-18,Myntra,Utilities,20742.94
TXN04864,AP0917,2023-12-09,Swiggy,Groceries,22205.1
TXN04865,AP0900,2024-10-15,Swiggy,Dining,2698.65
TXN04866,AP0393,2024-03-26,Big Bazaar,Groceries,10375.64
TXN04867,AP0691,2024-12-27,Zomato,Utilities,10409.86
TXN04868,AP0776,2025-03-04,Flipkart,Shopping,34958.02
TXN04869,AP0494,2023-05-03,Ola,Shopping,28112.22
TXN04870,AP0435,2023-07-27,Uber,Dining,46188.94
TXN04871,AP0043,2023-10-22,Amazon,Entertainment,25178.1
TXN04872,AP0417,2023-03-09,Ola,Utilities,6720.04
TXN04873,AP0865,2023-05-24,Myntra,Utilities,38145.64
TXN04874,AP0174,2024-09-04,Amazon,Entertainment,1029.41
TXN04875,AP0732,2023-06-18,Big Bazaar,Dining,26067.05
TXN04876,AP0476,2023-10-24,Myntra,Groceries,21093.95
TXN04877,AP0741,2024-09-16,Zomato,Travel,45650.0
TXN04878,AP0743,2023-02-28,Ola,Entertainment,26846.83
TXN04879,AP0065,2023-05-11,Myntra,Groceries,6165.1
TXN04880,AP0947,2024-02-03,Big Bazaar,Shopping,29135.08
TXN04881,AP0649,2024-02-14,IRCTC,Shopping,45731.31
TXN04882,AP0193,2024-07-13,MakeMyTrip,Dining,1091.97
TXN04883,AP0344,2024-01-31,Flipkart,Groceries,4642.33
TXN04884,AP0198,2024-02-06,Amazon,Groceries,18633.91
TXN04885,AP0936,2024-07-26,Amazon,Groceries,49111.73
TXN04886,AP0750,2023-04-06,Myntra,Entertainment,24995.84
TXN04887,AP0412,2025-02-09,Big Bazaar,Groceries,49673.95
TXN04888,AP0930,2024-10-10,Swiggy,Shopping,39303.8
TXN04889,AP0376,2023-04-07,Myntra,Groceries,1930.35
TXN04890,AP0971,2023-11-25,Zomato,Travel,11854.0
TXN04891,AP0558,2023-12-10,Swiggy,Utilities,4869.69
TXN04892,AP0130,2024-07-14,Big Bazaar,Groceries,21144.17
TXN04893,AP0405,2024-01-17,Flipkart,Entertainment,25383.93
TXN04894,AP0031,2024-02-01,Uber,Travel,9710.27
TXN04895,AP0350,2025-03-11,MakeMyTrip,Shopping,43072.2
TXN04896,AP0410,2023-05-06,Uber,Dining,37604.84
TXN04897,AP0755,2024-12-13,MakeMyTrip,Shopping,1614.14
TXN04898,AP0110,2023-08-16,MakeMyTrip,Travel,30361.64
TXN04899,AP0565,2023-12-17,Uber,Entertainment,1647.86
TXN04900,AP0916,2023-04-05,Swiggy,Shopping,16635.39
TXN04901,AP0337,2025-01-08,Uber,Travel,41808.95
TXN04902,AP0991,2023-02-28,Ola,Entertainment,15970.64
TXN04903,AP0731,2023-09-16,Uber,Groceries,47242.17
TXN04904,AP0681,2023-02-15,Flipkart,Travel,12374.91
TXN04905,AP0660,2023-02-07,Uber,Travel,22336.11
TXN04906,AP0849,2023-05-19,Zomato,Groceries,22358.91
TXN04907,AP0996,2023-05-30,MakeMyTrip,Entertainment,41171.19
TXN04908,AP0829,2025-02-09,MakeMyTrip,Entertainment,24030.79
TXN04909,AP0130,2023-06-18,MakeMyTrip,Entertainment,42919.27
TXN04910,AP0389,2023-12-17,Zomato,Entertainment,32679.35
TXN04911,AP0042,2023-12-05,Zomato,Entertainment,48241.72
TXN04912,AP0241,2024-08-29,Flipkart,Utilities,22137.82
TXN04913,AP0478,2023-09-06,Zomato,Entertainment,24614.07
TXN04914,AP0600,2023-03-15,Myntra,Shopping,1425.88
TXN04915,AP0757,2024-09-24,Myntra,Entertainment,13906.13
TXN04916,AP0271,2023-01-13,Uber,Groceries,12667.78
TXN04917,AP0841,2023-08-24,Big Bazaar,Entertainment,8945.96
TXN04918,AP0666,2024-03-21,Myntra,Entertainment,25591.73
TXN04919,AP0553,2023-08-25,MakeMyTrip,Groceries,14653.9
TXN04920,AP0075,2024-08-05,Zomato,Shopping,16940.52
TXN04921,AP0005,2024-03-22,Ola,Entertainment,13834.71
TXN04922,AP0381,2024-03-10,Zomato,Groceries,20711.57
TXN04923,AP0879,2024-11-13,Big Bazaar,Entertainment,16180.72
TXN04924,AP0084,2023-09-06,MakeMyTrip,Shopping,3314.99
TXN04925,AP0379,2023-03-17,Ola,Dining,46983.57
TXN04926,AP0513,2024-08-03,Myntra,Groceries,25023.41
TXN04927,AP0789,2024-01-07,Flipkart,Travel,29906.68
TXN04928,AP0004,2025-01-23,Big Bazaar,Groceries,23687.93
TXN04929,AP0506,2024-10-09,Big Bazaar,Groceries,18309.81
TXN04930,AP0122,2024-01-02,Myntra,Shopping,5159.41
TXN04931,AP0750,2024-02-26,Flipkart,Dining,43108.45
TXN04932,AP0262,2025-03-16,Big Bazaar,Shopping,33397.9
TXN04933,AP0009,2023-11-16,Big Bazaar,Entertainment,24085.84
TXN04934,AP0788,2023-06-06,Amazon,Travel,14587.11
TXN04935,AP0919,2024-02-08,Amazon,Shopping,14307.09
TXN04936,AP0426,2025-03-08,MakeMyTrip,Utilities,26707.64
TXN04937,AP0688,2025-01-27,Myntra,Groceries,35646.28
TXN04938,AP0425,2023-06-09,Myntra,Entertainment,31232.32
TXN04939,AP0844,2023-06-19,Ola,Travel,34416.29
TXN04940,AP0252,2024-03-18,MakeMyTrip,Dining,30753.32
TXN04941,AP0635,2023-08-10,MakeMyTrip,Groceries,38968.22
TXN04942,AP0031,2024-06-07,Uber,Shopping,21831.49
TXN04943,AP0706,2023-07-05,Ola,Entertainment,23007.82
TXN04944,AP0534,2024-04-29,Amazon,Entertainment,13736.69
TXN04945,AP0539,2024-03-28,Big Bazaar,Groceries,22097.09
TXN04946,AP0600,2023-03-13,Big Bazaar,Dining,32500.52
TXN04947,AP0776,2024-12-18,Myntra,Groceries,49955.94
TXN04948,AP0072,2023-06-03,IRCTC,Dining,11570.43
TXN04949,AP0472,2024-08-23,Uber,Entertainment,35316.24
TXN04950,AP0819,2023-05-19,Ola,Entertainment,48280.8
TXN04951,AP0363,2024-11-18,Myntra,Shopping,28431.23
TXN04952,AP0709,2025-03-29,Zomato,Travel,21524.54
TXN04953,AP0284,2023-05-17,Swiggy,Dining,17565.57
TXN04954,AP0555,2023-10-07,Big Bazaar,Shopping,24274.11
TXN04955,AP0997,2023-03-12,MakeMyTrip,Shopping,22250.05
TXN04956,AP0860,2024-02-18,Zomato,Travel,6798.74
TXN04957,AP0809,2024-09-12,Flipkart,Dining,41845.92
TXN04958,AP0306,2023-03-17,MakeMyTrip,Dining,1926.71
TXN04959,AP0267,2023-07-12,MakeMyTrip,Entertainment,48170.86
TXN04960,AP0375,2025-02-22,Uber,Groceries,44078.72
TXN04961,AP0939,2023-01-10,Myntra,Utilities,37343.04
TXN04962,AP0420,2025-02-06,Uber,Entertainment,31417.58
TXN04963,AP0903,2024-08-23,Uber,Entertainment,44798.07
TXN04964,AP0087,2025-02-04,MakeMyTrip,Entertainment,17596.86
TXN04965,AP0902,2024-05-05,Myntra,Travel,30846.96
TXN04966,AP0872,2024-01-17,Uber,Travel,39971.4
TXN04967,AP0840,2024-06-15,Flipkart,Shopping,12611.53
TXN04968,AP0220,2023-01-29,MakeMyTrip,Travel,29634.71
TXN04969,AP0945,2025-01-07,Amazon,Dining,48320.41
TXN04970,AP0669,2023-02-13,Flipkart,Dining,45218.4
TXN04971,AP0826,2024-08-01,Uber,Travel,2118.36
TXN04972,AP0341,2023-05-06,Big Bazaar,Shopping,36911.98
TXN04973,AP0418,2024-08-01,Swiggy,Entertainment,13251.29
TXN04974,AP0658,2024-05-16,Flipkart,Shopping,22247.51
TXN04975,AP0433,2023-02-03,Swiggy,Entertainment,43752.6
TXN04976,AP0311,2024-08-16,Big Bazaar,Entertainment,41480.61
TXN04977,AP0771,2023-07-23,Zomato,Dining,45782.03
TXN04978,AP0839,2024-07-15,Big Bazaar,Shopping,5579.34
TXN04979,AP0957,2025-03-22,Flipkart,Groceries,27563.71
TXN04980,AP0885,2023-11-10,Flipkart,Shopping,42130.95
TXN04981,AP0837,2024-09-17,Zomato,Travel,11251.9
TXN04982,AP0110,2024-04-22,Big Bazaar,Utilities,26899.03
TXN04983,AP0525,2024-09-13,Uber,Shopping,25652.72
TXN04984,AP0272,2024-01-20,Zomato,Entertainment,13086.9
TXN04985,AP0801,2023-10-20,IRCTC,Travel,14255.17
TXN04986,AP0605,2023-01-06,Zomato,Shopping,18720.44
TXN04987,AP0024,2023-08-15,Zomato,Dining,10547.44
TXN04988,AP0822,2023-01-07,IRCTC,Entertainment,35682.58
TXN04989,AP0470,2024-12-31,Ola,Entertainment,13956.87
TXN04990,AP0392,2024-06-10,IRCTC,Travel,16244.96
TXN04991,AP0131,2023-09-26,Big Bazaar,Dining,36068.84
TXN04992,AP0310,2023-09-20,IRCTC,Travel,14490.99
TXN04993,AP0511,2023-10-29,Zomato,Utilities,49876.84
TXN04994,AP0729,2025-02-24,Swiggy,Dining,37129.21
TXN04995,AP0363,2024-12-20,MakeMyTrip,Utilities,26675.26
TXN04996,AP0816,2025-04-01,Zomato,Shopping,2426.68
TXN04997,AP0513,2024-10-18,Myntra,Groceries,29484.5
TXN04998,AP0129,2024-10-26,Flipkart,Entertainment,21505.43
TXN04999,AP0743,2023-01-29,Uber,Dining,9615.98
TXN05000,AP0806,2024-03-18,Myntra,Utilities,38481.39
